#SampleID	BarcodeSequence	LinkerPrimerSequence	SampleType	SiteSampled	SubjectID	SubjectID_ExcludePreWash	Visit	RepeatSequencing	ClinicalStatus	ClinicalStatus_SampleType	BALCultureFungi	ITSreads	DNAconc	Description
# 2011-08-17													ng/uL	
h2o.7.25	GTCACCGAACTA	CTTGGTCATTTAGAGGAAGTAA	ExtractionControl	Reagents	ExtractionControl	ExtractionControl	NA	1	ExtractionControl	ExtractionControl	ExtractionControl	122	0.14469	1
sal.7.25	TGCGCTTGGATA	CTTGGTCATTTAGAGGAAGTAA	ExtractionControl	Reagents	ExtractionControl	ExtractionControl	NA	1	ExtractionControl	ExtractionControl	ExtractionControl	402	0.479544	2
P1	CTTGACTGAGGT	CTTGGTCATTTAGAGGAAGTAA	PreWash	Bronchoscope	1	PreWash	1	1	PreWash	PreWash	PreWash	1003	0.471276	3
P2	AGCTATCCACGA	CTTGGTCATTTAGAGGAAGTAA	PreWash	Bronchoscope	2	PreWash	1	1	PreWash	PreWash	PreWash	1888	3.030222	4
P3	AGGATGTTGCTC	CTTGGTCATTTAGAGGAAGTAA	PreWash	Bronchoscope	3	PreWash	1	1	PreWash	PreWash	PreWash	930	0.347256	5
P4	AACCTCGTCAAG	CTTGGTCATTTAGAGGAAGTAA	PreWash	Bronchoscope	4	PreWash	1	1	PreWash	PreWash	PreWash	3	0.169494	6
P5	AACACTGTCCGA	CTTGGTCATTTAGAGGAAGTAA	PreWash	Bronchoscope	5	PreWash	1	1	PreWash	PreWash	PreWash	853	0.28938	7
P6	AGCCGAATTCCA	CTTGGTCATTTAGAGGAAGTAA	PreWash	Bronchoscope	6	PreWash	1	1	PreWash	PreWash	PreWash	847	0.405132	8
P7	GAACTAGTCACC	CTTGGTCATTTAGAGGAAGTAA	PreWash	Bronchoscope	7	PreWash	1	1	PreWash	PreWash	PreWash	295	0.297648	9
P8	CGAGTCTAGTTG	CTTGGTCATTTAGAGGAAGTAA	PreWash	Bronchoscope	8	PreWash	1	1	PreWash	PreWash	PreWash	46	0.136422	10
P10	TGACAATCCAGC	CTTGGTCATTTAGAGGAAGTAA	PreWash	Bronchoscope	10	PreWash	1	1	PreWash	PreWash	PreWash	1536	0.810264	11
P11	TACACACATGGC	CTTGGTCATTTAGAGGAAGTAA	PreWash	Bronchoscope	11	PreWash	1	1	PreWash	PreWash	PreWash	1685	1.025232	12
B1	CTGTGGATCGAT	CTTGGTCATTTAGAGGAAGTAA	BAL	Lung	1	1	1	1	Transplant	Transplant_BAL	Unkown	1001	1.996722	13
B2	CACTATGCCGAA	CTTGGTCATTTAGAGGAAGTAA	BAL	Lung	2	2	1	1	Transplant	Transplant_BAL	Unkown	1220	1.07484	14
B3	ACCGTAATCCAG	CTTGGTCATTTAGAGGAAGTAA	BAL	Lung	3	3	1	1	Transplant	Transplant_BAL	None	4647	6.684678	15
B4	GCTGGTATCTGA	CTTGGTCATTTAGAGGAAGTAA	BAL	Lung	4	4	1	1	Transplant	Transplant_BAL	None	559	0.529152	16
B5	CGATAACATGCC	CTTGGTCATTTAGAGGAAGTAA	BAL	Lung	5	5	1	1	Transplant	Transplant_BAL	Candida.albicans	2370	11.323026	17
B6	AAGAACGTCTCC	CTTGGTCATTTAGAGGAAGTAA	BAL	Lung	6	6	1	1	Transplant	Transplant_BAL	Aspergillus.flavus	1251	0.876408	18
B7	ACATTCAGCGCA	CTTGGTCATTTAGAGGAAGTAA	BAL	Lung	7	7	1	1	Transplant	Transplant_BAL	None	4708	4.617678	19
B8	CCAATGGAACTC	CTTGGTCATTTAGAGGAAGTAA	BAL	Lung	8	8	1	1	Transplant	Transplant_BAL	None	748	1.112046	20
B10	GTCTGACAGTTG	CTTGGTCATTTAGAGGAAGTAA	BAL	Lung	10	10	1	1	Transplant	Transplant_BAL	None	828	0.574626	21
B11	TTCCGGTATGGA	CTTGGTCATTTAGAGGAAGTAA	BAL	Lung	11	11	1	1	Transplant	Transplant_BAL	Aspergillus.flavus	4855	18.259878	22
h2o.7.26	CGAACTCAATGC	CTTGGTCATTTAGAGGAAGTAA	ExtractionControl	Reagents	ExtractionControl	ExtractionControl	NA	1	ExtractionControl	ExtractionControl	ExtractionControl	530	0.380328	23
sal.7.26	TCCAAGTAAGCC	CTTGGTCATTTAGAGGAAGTAA	ExtractionControl	Reagents	ExtractionControl	ExtractionControl	NA	1	ExtractionControl	ExtractionControl	ExtractionControl	221	0.119886	24
P12	ACCTCGATCAGA	CTTGGTCATTTAGAGGAAGTAA	PreWash	Bronchoscope	12	PreWash	1	1	PreWash	PreWash	PreWash	716	1.029366	25
P13	TGAGGTCTTGAC	CTTGGTCATTTAGAGGAAGTAA	PreWash	Bronchoscope	13	PreWash	1	1	PreWash	PreWash	PreWash	485	0.338988	26
P14	CGTCTCAGAACA	CTTGGTCATTTAGAGGAAGTAA	PreWash	Bronchoscope	14	PreWash	1	1	PreWash	PreWash	PreWash	375	0.252174	27
P16	TCACAGATCCGA	CTTGGTCATTTAGAGGAAGTAA	PreWash	Bronchoscope	16	PreWash	1	1	PreWash	PreWash	PreWash	533	0.334854	28
P17	GACTAACGTCAC	CTTGGTCATTTAGAGGAAGTAA	PreWash	Bronchoscope	17	PreWash	1	1	PreWash	PreWash	PreWash	1493	1.037634	29
P18	CTAGCGAACATC	CTTGGTCATTTAGAGGAAGTAA	PreWash	Bronchoscope	18	PreWash	1	1	PreWash	PreWash	PreWash	122	0.198432	30
P19	CTGGCTGTATGA	CTTGGTCATTTAGAGGAAGTAA	PreWash	Bronchoscope	19	PreWash	1	1	PreWash	PreWash	PreWash	2	0.2067	31
P20	AGCCATACTGAC	CTTGGTCATTTAGAGGAAGTAA	PreWash	Bronchoscope	20	PreWash	1	1	PreWash	PreWash	PreWash	473	0.198432	32
P21	CACGGACTATAC	CTTGGTCATTTAGAGGAAGTAA	PreWash	Bronchoscope	21	PreWash	1	1	PreWash	PreWash	PreWash	824	0.37206	33
P22	TGTCAAGTCGTG	CTTGGTCATTTAGAGGAAGTAA	PreWash	Bronchoscope	22	PreWash	1	1	PreWash	PreWash	PreWash	1556	1.087242	34
B12	TCGACCAGCAAT	CTTGGTCATTTAGAGGAAGTAA	BAL	Lung	12	12	1	1	Transplant	Transplant_BAL	None	1033	0.53742	35
B13	ACGTTAGCACAC	CTTGGTCATTTAGAGGAAGTAA	BAL	Lung	13	13	1	1	Transplant	Transplant_BAL	None	1309	0.760656	36
B14	CATGTTGGCATG	CTTGGTCATTTAGAGGAAGTAA	BAL	Lung	14	14	1	1	Transplant	Transplant_BAL	None	4416	10.099362	37
B16	CCTATGTGATGG	CTTGGTCATTTAGAGGAAGTAA	BAL	Lung	16	16	1	1	Transplant	Transplant_BAL	None	1019	1.062438	38
B17	CTGTGTTCAGGA	CTTGGTCATTTAGAGGAAGTAA	BAL	Lung	17	17	1	1	Transplant	Transplant_BAL	None	860	0.545688	39
B18	ACGCAACTGCTA	CTTGGTCATTTAGAGGAAGTAA	BAL	Lung	18	18	1	1	Transplant	Transplant_BAL	Candida.albicans	4510	28.202148	40
B19	CTATACCACGGA	CTTGGTCATTTAGAGGAAGTAA	BAL	Lung	19	19	1	1	Transplant	Transplant_BAL	Candida.albicans	4847	7.33785	41
B20	GTATAGGTTCGC	CTTGGTCATTTAGAGGAAGTAA	BAL	Lung	20	20	1	1	Transplant	Transplant_BAL	Candida.albicans	5013	24.233508	42
B21	AGTGTTCGATCG	CTTGGTCATTTAGAGGAAGTAA	BAL	Lung	21	21	1	1	Transplant	Transplant_BAL	None	1262	1.459302	43
B22	GGCTTGTACTAG	CTTGGTCATTTAGAGGAAGTAA	BAL	Lung	22	22	1	1	Transplant	Transplant_BAL	None	4975	4.472988	44
h2o.7.27	CGGACTACAACT	CTTGGTCATTTAGAGGAAGTAA	ExtractionControl	Reagents	ExtractionControl	ExtractionControl	NA	1	ExtractionControl	ExtractionControl	ExtractionControl	1086	0.45474	45
sal.7.27	TATGGATTCCGG	CTTGGTCATTTAGAGGAAGTAA	ExtractionControl	Reagents	ExtractionControl	ExtractionControl	NA	1	ExtractionControl	ExtractionControl	ExtractionControl	1617	1.314612	46
P23	CACCAGATTCAG	CTTGGTCATTTAGAGGAAGTAA	PreWash	Bronchoscope	23	PreWash	1	1	PreWash	PreWash	PreWash	847	0.326586	47
P24	AGTTAGTGCGTC	CTTGGTCATTTAGAGGAAGTAA	PreWash	Bronchoscope	24	PreWash	1	1	PreWash	PreWash	PreWash	711	0.26871	48
P25	CGTCACGACTAA	CTTGGTCATTTAGAGGAAGTAA	PreWash	Bronchoscope	25	PreWash	1	1	PreWash	PreWash	PreWash	1127	0.55809	49
P26	CTACCGGATCAA	CTTGGTCATTTAGAGGAAGTAA	PreWash	Bronchoscope	26	PreWash	1	1	PreWash	PreWash	PreWash	722	0.363792	50
P27	ATAATGCACGCC	CTTGGTCATTTAGAGGAAGTAA	PreWash	Bronchoscope	27	PreWash	1	1	PreWash	PreWash	PreWash	89	0.305916	51
P28	CATTGATGCGGT	CTTGGTCATTTAGAGGAAGTAA	PreWash	Bronchoscope	11	PreWash	2	1	PreWash	PreWash	PreWash	480	0.231504	52
P29	GATGCTCTTAGG	CTTGGTCATTTAGAGGAAGTAA	PreWash	Bronchoscope	29	PreWash	1	1	PreWash	PreWash	PreWash	83	0.173628	53
P36	ACCTACGTAAGC	CTTGGTCATTTAGAGGAAGTAA	PreWash	Bronchoscope	36	PreWash	1	1	PreWash	PreWash	PreWash	1206	0.219102	54
OW36	GTCGTTAAGCGT	CTTGGTCATTTAGAGGAAGTAA	OralWash	OralCavity	36	36	1	1	Transplant	Transplant_OralWash	OralWash	5853	41.542566	55
B36	ATACAGAGCTCC	CTTGGTCATTTAGAGGAAGTAA	BAL	Lung	36	36	1	1	Transplant	Transplant_BAL	Candida.albicans.Aspergillus.flavus	4227	5.88924	56
B23	TTGGTCGGACAT	CTTGGTCATTTAGAGGAAGTAA	BAL	Lung	23	23	1	1	Transplant	Transplant_BAL	None	29	0.777192	57
B24	GCCTAAGAACCT	CTTGGTCATTTAGAGGAAGTAA	BAL	Lung	24	24	1	1	Transplant	Transplant_BAL	None	1058	2.186886	58
B25	GAGTACTGGTTC	CTTGGTCATTTAGAGGAAGTAA	BAL	Lung	25	25	1	1	Transplant	Transplant_BAL	None	1433	1.971918	59
B26	AGCTCCATACAG	CTTGGTCATTTAGAGGAAGTAA	BAL	Lung	26	26	1	1	Transplant	Transplant_BAL	None	1504	2.39772	60
B27	AATGCGCATCCA	CTTGGTCATTTAGAGGAAGTAA	BAL	Lung	27	27	1	1	Transplant	Transplant_BAL	None	547	0.51675	61
B28	TACAGCAATCCG	CTTGGTCATTTAGAGGAAGTAA	BAL	Lung	11	11	2	1	Transplant	Transplant_BAL	Aspergillus.flavus	6346	41.23665	62
B29	CGAATCGACACT	CTTGGTCATTTAGAGGAAGTAA	BAL	Lung	29	29	1	1	Transplant	Transplant_BAL	None	325	6.415968	63
OW24	GGTAATCCTGTG	CTTGGTCATTTAGAGGAAGTAA	OralWash	OralCavity	24	24	1	1	Transplant	Transplant_OralWash	OralWash	321	1.318746	64
OW25	CCTAAGCACATG	CTTGGTCATTTAGAGGAAGTAA	OralWash	OralCavity	25	25	1	1	Transplant	Transplant_OralWash	OralWash	4524	36.13116	65
OW26	CCGAATGCACTA	CTTGGTCATTTAGAGGAAGTAA	OralWash	OralCavity	26	26	1	1	Transplant	Transplant_OralWash	OralWash	4118	29.219112	66
h2o.7.28	TCGTAGAGGCTT	CTTGGTCATTTAGAGGAAGTAA	ExtractionControl	Reagents	ExtractionControl	ExtractionControl	NA	1	ExtractionControl	ExtractionControl	ExtractionControl	1844	3.563508	67
P30	ATCCGATCACAG	CTTGGTCATTTAGAGGAAGTAA	PreWash	Bronchoscope	30	30	1	1	PreWash	PreWash	PreWash	1061	0.450606	68
P31	TGCGGTCATTGA	CTTGGTCATTTAGAGGAAGTAA	PreWash	Bronchoscope	31	31	1	1	PreWash	PreWash	PreWash	1330	0.607698	69
OW30	CAAGCATGCCTA	CTTGGTCATTTAGAGGAAGTAA	OralWash	OralCavity	30	30	1	1	Transplant	Transplant_OralWash	OralWash	621	4.439916	70
OW31	ATTCCAAGCCGA	CTTGGTCATTTAGAGGAAGTAA	OralWash	OralCavity	31	31	1	1	Transplant	Transplant_OralWash	OralWash	86	5.196438	71
B30	ATCGCCACGTAA	CTTGGTCATTTAGAGGAAGTAA	BAL	Lung	30	30	1	1	Transplant	Transplant_BAL	None	451	4.50606	72
B31	TTGCCGAAGTGT	CTTGGTCATTTAGAGGAAGTAA	BAL	Lung	31	31	1	1	Transplant	Transplant_BAL	None	150	9.334572	73
# 2011-08-19														
sal.7.28	GTCACCGAACTA	CTTGGTCATTTAGAGGAAGTAA	ExtractionControl	Reagents	ExtractionControl	ExtractionControl	NA	1	ExtractionControl	ExtractionControl	ExtractionControl	604	0.401964	76
P38	TGCGCTTGGATA	CTTGGTCATTTAGAGGAAGTAA	PreWash	Bronchoscope	38	PreWash	1	1	PreWash	PreWash	PreWash	347	0.486096	77
P39	CTTGACTGAGGT	CTTGGTCATTTAGAGGAAGTAA	PreWash	Bronchoscope	39	PreWash	1	1	PreWash	PreWash	PreWash	466	0.486096	78
P40	AGCTATCCACGA	CTTGGTCATTTAGAGGAAGTAA	PreWash	Bronchoscope	40	PreWash	1	1	PreWash	PreWash	PreWash	506	0.32718	79
P41	AGGATGTTGCTC	CTTGGTCATTTAGAGGAAGTAA	PreWash	Bronchoscope	20	PreWash	2	1	PreWash	PreWash	PreWash	556	0.172938	80
P42	AACCTCGTCAAG	CTTGGTCATTTAGAGGAAGTAA	PreWash	Bronchoscope	42	PreWash	1	1	PreWash	PreWash	PreWash	1092	0.645012	81
P43	AACACTGTCCGA	CTTGGTCATTTAGAGGAAGTAA	PreWash	Bronchoscope	43	PreWash	1	1	PreWash	PreWash	PreWash	332	0.144894	82
P44	AGCCGAATTCCA	CTTGGTCATTTAGAGGAAGTAA	PreWash	Bronchoscope	44	PreWash	1	1	PreWash	PreWash	PreWash	1333	1.724706	83
OW38	GAACTAGTCACC	CTTGGTCATTTAGAGGAAGTAA	OralWash	OralCavity	38	38	1	1	Transplant	Transplant_OralWash	OralWash	3317	37.943532	84
OW39	CGAGTCTAGTTG	CTTGGTCATTTAGAGGAAGTAA	OralWash	OralCavity	39	39	1	1	Transplant	Transplant_OralWash	OralWash	3244	41.313486	85
OW40	TGACAATCCAGC	CTTGGTCATTTAGAGGAAGTAA	OralWash	OralCavity	40	40	1	1	Transplant	Transplant_OralWash	OralWash	2925	38.499738	86
OW41	TACACACATGGC	CTTGGTCATTTAGAGGAAGTAA	OralWash	OralCavity	20	20	2	1	Transplant	Transplant_OralWash	OralWash	300	2.514612	87
OW42	CTGTGGATCGAT	CTTGGTCATTTAGAGGAAGTAA	OralWash	OralCavity	42	42	1	1	Transplant	Transplant_OralWash	OralWash	2529	35.541096	88
OW43	CACTATGCCGAA	CTTGGTCATTTAGAGGAAGTAA	OralWash	OralCavity	43	43	1	1	Transplant	Transplant_OralWash	OralWash	121	20.888106	89
OW44	ACCGTAATCCAG	CTTGGTCATTTAGAGGAAGTAA	OralWash	OralCavity	44	44	1	1	Transplant	Transplant_OralWash	OralWash	234	10.614654	90
B38	GCTGGTATCTGA	CTTGGTCATTTAGAGGAAGTAA	BAL	Lung	38	38	1	1	Transplant	Transplant_BAL	Candida.albicans	2877	36.38709	91
B39	CGATAACATGCC	CTTGGTCATTTAGAGGAAGTAA	BAL	Lung	39	39	1	1	Transplant	Transplant_BAL	Candida.albicans	1836	4.973136	92
B40	AAGAACGTCTCC	CTTGGTCATTTAGAGGAAGTAA	BAL	Lung	40	40	1	1	Transplant	Transplant_BAL	None	785	0.529152	93
B41	ACATTCAGCGCA	CTTGGTCATTTAGAGGAAGTAA	BAL	Lung	20	20	2	1	Transplant	Transplant_BAL	None	1055	3.589632	94
B42	CCAATGGAACTC	CTTGGTCATTTAGAGGAAGTAA	BAL	Lung	42	42	1	1	Transplant	Transplant_BAL	Candida.albicans	2550	3.028752	95
B43	GTCTGACAGTTG	CTTGGTCATTTAGAGGAAGTAA	BAL	Lung	43	43	1	1	Transplant	Transplant_BAL	None	2716	7.983192	96
B44	TTCCGGTATGGA	CTTGGTCATTTAGAGGAAGTAA	BAL	Lung	44	44	1	1	Transplant	Transplant_BAL	Aspergillus.fumigatus.Paecilomyces.lilacinus	2894	20.00472	97
h2o.8.1	CGAACTCAATGC	CTTGGTCATTTAGAGGAAGTAA	ExtractionControl	Reagents	ExtractionControl	ExtractionControl	NA	1	ExtractionControl	ExtractionControl	ExtractionControl	761	0.172938	98
P45	TCCAAGTAAGCC	CTTGGTCATTTAGAGGAAGTAA	PreWash	Bronchoscope	45	PreWash	1	1	PreWash	PreWash	PreWash	118	0.11685	99
P46	ACCTCGATCAGA	CTTGGTCATTTAGAGGAAGTAA	PreWash	Bronchoscope	46	PreWash	1	1	PreWash	PreWash	PreWash	733	0.172938	100
P47	TGAGGTCTTGAC	CTTGGTCATTTAGAGGAAGTAA	PreWash	Bronchoscope	47	PreWash	1	1	PreWash	PreWash	PreWash	309	0.2337	101
P48	CGTCTCAGAACA	CTTGGTCATTTAGAGGAAGTAA	PreWash	Bronchoscope	39	PreWash	2	1	PreWash	PreWash	PreWash	496	0.2337	102
P49	TCACAGATCCGA	CTTGGTCATTTAGAGGAAGTAA	PreWash	Bronchoscope	49	PreWash	1	1	PreWash	PreWash	PreWash	847	0.523488	103
P50	GACTAACGTCAC	CTTGGTCATTTAGAGGAAGTAA	PreWash	Bronchoscope	36	PreWash	2	1	PreWash	PreWash	PreWash	484	0.18696	104
OW45	CTAGCGAACATC	CTTGGTCATTTAGAGGAAGTAA	OralWash	OralCavity	45	45	1	1	Transplant	Transplant_OralWash	OralWash	4502	42.799818	105
OW46	CTGGCTGTATGA	CTTGGTCATTTAGAGGAAGTAA	OralWash	OralCavity	46	46	1	1	Transplant	Transplant_OralWash	OralWash	198	5.407818	106
OW47	AGCCATACTGAC	CTTGGTCATTTAGAGGAAGTAA	OralWash	OralCavity	47	47	1	1	Transplant	Transplant_OralWash	OralWash	4156	41.631318	107
OW48	CACGGACTATAC	CTTGGTCATTTAGAGGAAGTAA	OralWash	OralCavity	39	39	2	1	Transplant	Transplant_OralWash	OralWash	5397	42.542748	108
OW49	TGTCAAGTCGTG	CTTGGTCATTTAGAGGAAGTAA	OralWash	OralCavity	49	49	1	1	Transplant	Transplant_OralWash	OralWash	4896	43.225152	109
OW50	TCGACCAGCAAT	CTTGGTCATTTAGAGGAAGTAA	OralWash	OralCavity	36	36	2	1	Transplant	Transplant_OralWash	OralWash	594	1.79949	110
B45	ACGTTAGCACAC	CTTGGTCATTTAGAGGAAGTAA	BAL	Lung	45	45	1	1	Transplant	Transplant_BAL	Candida.albicans	2716	6.230442	111
B46	CATGTTGGCATG	CTTGGTCATTTAGAGGAAGTAA	BAL	Lung	46	46	1	1	Transplant	Transplant_BAL	None	170	1.738728	112
B47	CCTATGTGATGG	CTTGGTCATTTAGAGGAAGTAA	BAL	Lung	47	47	1	1	Transplant	Transplant_BAL	Candida.albicans	3522	42.224916	113
B48	CTGTGTTCAGGA	CTTGGTCATTTAGAGGAAGTAA	BAL	Lung	39	39	2	1	Transplant	Transplant_BAL	Candida.albicans	2475	6.043482	114
B49	ACGCAACTGCTA	CTTGGTCATTTAGAGGAAGTAA	BAL	Lung	49	49	1	1	Transplant	Transplant_BAL	Candida.albicans	3100	36.555354	115
B50	CTATACCACGGA	CTTGGTCATTTAGAGGAAGTAA	BAL	Lung	36	36	2	1	Transplant	Transplant_BAL	None	717	2.248194	116
sal.8.1	GTATAGGTTCGC	CTTGGTCATTTAGAGGAAGTAA	ExtractionControl	Reagents	ExtractionControl	ExtractionControl	NA	1	ExtractionControl	ExtractionControl	ExtractionControl	753	0.2337	117
h2o.8.2	AATGCGCATCCA	CTTGGTCATTTAGAGGAAGTAA	ExtractionControl	Reagents	ExtractionControl	ExtractionControl	NA	1	ExtractionControl	ExtractionControl	ExtractionControl	223	0.341202	136
sal.8.2	TACAGCAATCCG	CTTGGTCATTTAGAGGAAGTAA	ExtractionControl	Reagents	ExtractionControl	ExtractionControl	NA	1	ExtractionControl	ExtractionControl	ExtractionControl	662	0.229026	137
P32	GATCAACTACCG	CTTGGTCATTTAGAGGAAGTAA	PreWash	Bronchoscope	32	PreWash	1	1	PreWash	PreWash	PreWash	181	0.223236	138
P33	CCATGCGATAAC	CTTGGTCATTTAGAGGAAGTAA	PreWash	Bronchoscope	33	PreWash	1	1	PreWash	PreWash	PreWash	903	0.43407	139
P34	TGATGTGTGACC	CTTGGTCATTTAGAGGAAGTAA	PreWash	Bronchoscope	13	PreWash	2	1	PreWash	PreWash	PreWash	965	0.748254	140
P35	CCACGCTAATGA	CTTGGTCATTTAGAGGAAGTAA	PreWash	Bronchoscope	35	PreWash	1	1	PreWash	PreWash	OralWash	0	0.119886	141
OW32	CCACGAAGCTAT	CTTGGTCATTTAGAGGAAGTAA	OralWash	OralCavity	32	32	1	1	Transplant	Transplant_OralWash	OralWash	431	1.666002	142
OW33	AGCAATTCGACC	CTTGGTCATTTAGAGGAAGTAA	OralWash	OralCavity	33	33	1	1	Transplant	Transplant_OralWash	OralWash	2154	4.121598	143
OW34	CTAGAACGCACT	CTTGGTCATTTAGAGGAAGTAA	OralWash	OralCavity	13	13	2	1	Transplant	Transplant_OralWash	OralWash	598	3.195582	144
OW35	ACAACTCGGACT	CTTGGTCATTTAGAGGAAGTAA	OralWash	OralCavity	35	35	1	1	Transplant	Transplant_OralWash	OralWash	2025	6.353958	145
B32	GTAAGCACCTAC	CTTGGTCATTTAGAGGAAGTAA	BAL	Lung	32	32	1	1	Transplant	Transplant_BAL	None	1213	0.892944	146
B33	GATCCGACACTA	CTTGGTCATTTAGAGGAAGTAA	BAL	Lung	33	33	1	1	Transplant	Transplant_BAL	None	127	1.331148	147
B34	GACCTAGACCTA	CTTGGTCATTTAGAGGAAGTAA	BAL	Lung	13	13	2	1	Transplant	Transplant_BAL	None	177	0.698646	148
B35	GGTGAGTTCCTA	CTTGGTCATTTAGAGGAAGTAA	BAL	Lung	35	35	1	1	Transplant	Transplant_BAL	Candida.albicans	1206	1.517178	149