#SampleID	BarcodeSequence	LinkerPrimerSequence	SampleType	SiteSampled	SubjectID	SupperativeDz	DiseaseCatagory	SampleSet	SubjectID_ExcludePreWash	Visit	RepeatSequencing	ClinicalStatus	ClinicalStatus_SampleType	BALCultureFungi_BAL	BALCultureFungi_OWandBAL	BALCulturePathogens_BAL	BALCulturePathogens_OWandBAL	ITSreads	DNAconc	Description
# 2011-08-17																			ng/uL	
h2o.7.25	GTCACCGAACTA	CTTGGTCATTTAGAGGAAGTAA	ExtractionControl	Reagents	NA	NA	NA	NA	ExtractionControl	NA	1	ExtractionControl	ExtractionControl	ExtractionControl	ExtractionControl	ExtractionControl		122	0.14469	1
sal.7.25	TGCGCTTGGATA	CTTGGTCATTTAGAGGAAGTAA	ExtractionControl	Reagents	NA	NA	NA	NA	ExtractionControl	NA	1	ExtractionControl	ExtractionControl	ExtractionControl	ExtractionControl	ExtractionControl	ExtractionControl	402	0.479544	2
#P11	TACACACATGGC	CTTGGTCATTTAGAGGAAGTAA	PreWash	Bronchoscope	11	NA	NA	11	PreWash	1	1	PreWash	PreWash	PreWash	PreWash	PreWash	PreWash	1685	1.025232	12
#B11	TTCCGGTATGGA	CTTGGTCATTTAGAGGAAGTAA	BAL	Lung	11	NA	NA	11	11	1	1	Transplant	Transplant_BAL	Aspergillus.flavus	Aspergillus.flavus	AspergillusFlavus	AspergillusFlavus	4855	18.259878	22
h2o.7.26	CGAACTCAATGC	CTTGGTCATTTAGAGGAAGTAA	ExtractionControl	Reagents	NA	NA	NA	NA	ExtractionControl	NA	1	ExtractionControl	ExtractionControl	ExtractionControl	ExtractionControl	ExtractionControl	ExtractionControl	530	0.380328	23
sal.7.26	TCCAAGTAAGCC	CTTGGTCATTTAGAGGAAGTAA	ExtractionControl	Reagents	NA	NA	NA	NA	ExtractionControl	NA	1	ExtractionControl	ExtractionControl	ExtractionControl	ExtractionControl	ExtractionControl	ExtractionControl	221	0.119886	24
#P13	TGAGGTCTTGAC	CTTGGTCATTTAGAGGAAGTAA	PreWash	Bronchoscope	13	NA	NA	13	PreWash	1	1	PreWash	PreWash	PreWash	PreWash	PreWash	PreWash	485	0.338988	26
#B13	ACGTTAGCACAC	CTTGGTCATTTAGAGGAAGTAA	BAL	Lung	13	NA	NA	13	13	1	1	Transplant	Transplant_BAL	None	None	MAI	MAI	1309	0.760656	36
#P20	AGCCATACTGAC	CTTGGTCATTTAGAGGAAGTAA	PreWash	Bronchoscope	20	NA	NA	20	PreWash	1	1	PreWash	PreWash	PreWash	PreWash	PreWash	PreWash	473	0.198432	32
#B20	GTATAGGTTCGC	CTTGGTCATTTAGAGGAAGTAA	BAL	Lung	20	NA	NA	20	20	1	1	Transplant	Transplant_BAL	Candida.albicans	Candida.albicans	C.albicans_S.aureus	C.albicans_S.aureus	5013	24.233508	42
h2o.7.27	CGGACTACAACT	CTTGGTCATTTAGAGGAAGTAA	ExtractionControl	Reagents	NA	NA	NA	NA	ExtractionControl	NA	1	ExtractionControl	ExtractionControl	ExtractionControl	ExtractionControl	ExtractionControl	ExtractionControl	1086	0.45474	45
sal.7.27	TATGGATTCCGG	CTTGGTCATTTAGAGGAAGTAA	ExtractionControl	Reagents	NA	NA	NA	NA	ExtractionControl	NA	1	ExtractionControl	ExtractionControl	ExtractionControl	ExtractionControl	ExtractionControl	ExtractionControl	1617	1.314612	46
P24	AGTTAGTGCGTC	CTTGGTCATTTAGAGGAAGTAA	PreWash	Bronchoscope	24	NA	NA	24	PreWash	1	1	PreWash	PreWash	PreWash	PreWash	PreWash	PreWash	711	0.26871	48
P25	CGTCACGACTAA	CTTGGTCATTTAGAGGAAGTAA	PreWash	Bronchoscope	25	NA	NA	25	PreWash	1	1	PreWash	PreWash	PreWash	PreWash	PreWash	PreWash	1127	0.55809	49
P26	CTACCGGATCAA	CTTGGTCATTTAGAGGAAGTAA	PreWash	Bronchoscope	26	NA	NA	26	PreWash	1	1	PreWash	PreWash	PreWash	PreWash	PreWash	PreWash	722	0.363792	50
#P28	CATTGATGCGGT	CTTGGTCATTTAGAGGAAGTAA	PreWash	Bronchoscope	11	NA	NA	11	PreWash	2	1	PreWash	PreWash	PreWash	PreWash	PreWash	PreWash	480	0.231504	52
P36	ACCTACGTAAGC	CTTGGTCATTTAGAGGAAGTAA	PreWash	Bronchoscope	36	NA	NA	36A	PreWash	1	1	PreWash	PreWash	PreWash	PreWash	PreWash	PreWash	1206	0.219102	54
OW36	GTCGTTAAGCGT	CTTGGTCATTTAGAGGAAGTAA	OralWash	OralCavity	36	No	ILD.IPF	36A	36	1	1	Transplant	Transplant_OralWash	OralWash	Candida.albicans.Aspergillus.flavus	OralWash	AspergillusFlavus_C.albicans_P.aeruginosa	5853	41.542566	55
B36	ATACAGAGCTCC	CTTGGTCATTTAGAGGAAGTAA	BAL	Lung	36	No	ILD.IPF	36A	36	1	1	Transplant	Transplant_BAL	Candida.albicans.Aspergillus.flavus	Candida.albicans.Aspergillus.flavus	AspergillusFlavus_C.albicans_P.aeruginosa	AspergillusFlavus_C.albicans_P.aeruginosa	4227	5.88924	56
B24	GCCTAAGAACCT	CTTGGTCATTTAGAGGAAGTAA	BAL	Lung	24	No	ILD.IPF	24	24	1	1	Transplant	Transplant_BAL	None	None	S.aureus	S.aureus	1058	2.186886	58
B25	GAGTACTGGTTC	CTTGGTCATTTAGAGGAAGTAA	BAL	Lung	25	No	COPD.E	25	25	1	1	Transplant	Transplant_BAL	None	None	None	None	1433	1.971918	59
B26	AGCTCCATACAG	CTTGGTCATTTAGAGGAAGTAA	BAL	Lung	26	Yes	Supperative	26	26	1	1	Transplant	Transplant_BAL	None	None	P.aeruginosa	P.aeruginosa	1504	2.39772	60
#B28	TACAGCAATCCG	CTTGGTCATTTAGAGGAAGTAA	BAL	Lung	11	NA	NA	11	11	2	1	Transplant	Transplant_BAL	Aspergillus.flavus	Aspergillus.flavus	AspergillusFlavus	AspergillusFlavus	6346	41.23665	62
OW24	GGTAATCCTGTG	CTTGGTCATTTAGAGGAAGTAA	OralWash	OralCavity	24	No	ILD.IPF	24	24	1	1	Transplant	Transplant_OralWash	OralWash	None	OralWash	S.aureus	321	1.318746	64
OW25	CCTAAGCACATG	CTTGGTCATTTAGAGGAAGTAA	OralWash	OralCavity	25	No	COPD.E	25	25	1	1	Transplant	Transplant_OralWash	OralWash	None	OralWash	None	4524	36.13116	65
OW26	CCGAATGCACTA	CTTGGTCATTTAGAGGAAGTAA	OralWash	OralCavity	26	Yes	Supperative	26	26	1	1	Transplant	Transplant_OralWash	OralWash	None	OralWash	P.aeruginosa	4118	29.219112	66
h2o.7.28	TCGTAGAGGCTT	CTTGGTCATTTAGAGGAAGTAA	ExtractionControl	Reagents	NA	NA	NA	NA	ExtractionControl	NA	1	ExtractionControl	ExtractionControl	ExtractionControl	ExtractionControl	ExtractionControl	ExtractionControl	1844	3.563508	67
P30	ATCCGATCACAG	CTTGGTCATTTAGAGGAAGTAA	PreWash	Bronchoscope	30	NA	NA	30	30	1	1	PreWash	PreWash	PreWash	PreWash	PreWash	PreWash	1061	0.450606	68
P31	TGCGGTCATTGA	CTTGGTCATTTAGAGGAAGTAA	PreWash	Bronchoscope	31	NA	NA	31	31	1	1	PreWash	PreWash	PreWash	PreWash	PreWash	PreWash	1330	0.607698	69
OW30	CAAGCATGCCTA	CTTGGTCATTTAGAGGAAGTAA	OralWash	OralCavity	30	No	ILD.IPF	30	30	1	1	Transplant	Transplant_OralWash	OralWash	None	OralWash	None	621	4.439916	70
OW31	ATTCCAAGCCGA	CTTGGTCATTTAGAGGAAGTAA	OralWash	OralCavity	31	No	NA	31	31	1	1	Transplant	Transplant_OralWash	OralWash	None	OralWash	None	86	5.196438	71
B30	ATCGCCACGTAA	CTTGGTCATTTAGAGGAAGTAA	BAL	Lung	30	No	ILD.IPF	30	30	1	1	Transplant	Transplant_BAL	None	None	None	None	451	4.50606	72
B31	TTGCCGAAGTGT	CTTGGTCATTTAGAGGAAGTAA	BAL	Lung	31	No	NA	31	31	1	1	Transplant	Transplant_BAL	None	None	None	None	150	9.334572	73
# 2011-08-19																				
sal.7.28	GTCACCGAACTA	CTTGGTCATTTAGAGGAAGTAA	ExtractionControl	Reagents	NA	NA	NA	NA	ExtractionControl	NA	1	ExtractionControl	ExtractionControl	ExtractionControl	ExtractionControl	ExtractionControl	ExtractionControl	604	0.401964	76
P38	TGCGCTTGGATA	CTTGGTCATTTAGAGGAAGTAA	PreWash	Bronchoscope	38	NA	NA	38	PreWash	1	1	PreWash	PreWash	PreWash	PreWash	PreWash	PreWash	347	0.486096	77
P39	CTTGACTGAGGT	CTTGGTCATTTAGAGGAAGTAA	PreWash	Bronchoscope	39	NA	NA	39A	PreWash	1	1	PreWash	PreWash	PreWash	PreWash	PreWash	PreWash	466	0.486096	78
P40	AGCTATCCACGA	CTTGGTCATTTAGAGGAAGTAA	PreWash	Bronchoscope	40	NA	NA	40	PreWash	1	1	PreWash	PreWash	PreWash	PreWash	PreWash	PreWash	506	0.32718	79
P41	AGGATGTTGCTC	CTTGGTCATTTAGAGGAAGTAA	PreWash	Bronchoscope	20	NA	NA	20	PreWash	2	1	PreWash	PreWash	PreWash	PreWash	PreWash	PreWash	556	0.172938	80
P42	AACCTCGTCAAG	CTTGGTCATTTAGAGGAAGTAA	PreWash	Bronchoscope	42	NA	NA	42	PreWash	1	1	PreWash	PreWash	PreWash	PreWash	PreWash	PreWash	1092	0.645012	81
P43	AACACTGTCCGA	CTTGGTCATTTAGAGGAAGTAA	PreWash	Bronchoscope	43	NA	NA	43	PreWash	1	1	PreWash	PreWash	PreWash	PreWash	PreWash	PreWash	332	0.144894	82
P44	AGCCGAATTCCA	CTTGGTCATTTAGAGGAAGTAA	PreWash	Bronchoscope	44	NA	NA	44	PreWash	1	1	PreWash	PreWash	PreWash	PreWash	PreWash	PreWash	1333	1.724706	83
OW38	GAACTAGTCACC	CTTGGTCATTTAGAGGAAGTAA	OralWash	OralCavity	38	Yes	Supperative	38	38	1	1	Transplant	Transplant_OralWash	OralWash	Candida.albicans	OralWash	C.albicans	3317	37.943532	84
OW39	CGAGTCTAGTTG	CTTGGTCATTTAGAGGAAGTAA	OralWash	OralCavity	39	No	COPD.E	39A	39	1	1	Transplant	Transplant_OralWash	OralWash	Candida.albicans	OralWash	C.albicans_Parainfluenza2	3244	41.313486	85
OW40	TGACAATCCAGC	CTTGGTCATTTAGAGGAAGTAA	OralWash	OralCavity	40	Yes	Supperative	40	40	1	1	Transplant	Transplant_OralWash	OralWash	None	OralWash	P.aeruginosa	2925	38.499738	86
OW41	TACACACATGGC	CTTGGTCATTTAGAGGAAGTAA	OralWash	OralCavity	20	No	ILD.IPF	20	20	2	1	Transplant	Transplant_OralWash	OralWash	None	OralWash	S.aureus_S.aureus	300	2.514612	87
OW42	CTGTGGATCGAT	CTTGGTCATTTAGAGGAAGTAA	OralWash	OralCavity	42	No	COPD.E	42	42	1	1	Transplant	Transplant_OralWash	OralWash	Candida.albicans	OralWash	C.albicans	2529	35.541096	88
OW43	CACTATGCCGAA	CTTGGTCATTTAGAGGAAGTAA	OralWash	OralCavity	43	No	COPD.E	43	43	1	1	Transplant	Transplant_OralWash	OralWash	None	OralWash	None	121	20.888106	89
OW44	ACCGTAATCCAG	CTTGGTCATTTAGAGGAAGTAA	OralWash	OralCavity	44	No	ILD.IPF	44	44	1	1	Transplant	Transplant_OralWash	OralWash	Aspergillus.fumigatus.Paecilomyces.lilacinus	OralWash	AspergillusFumigatus_B.cepacia_CMV_PaecilomycesLilacinus	234	10.614654	90
B38	GCTGGTATCTGA	CTTGGTCATTTAGAGGAAGTAA	BAL	Lung	38	Yes	Supperative	38	38	1	1	Transplant	Transplant_BAL	Candida.albicans	Candida.albicans	C.albicans	C.albicans	2877	36.38709	91
B39	CGATAACATGCC	CTTGGTCATTTAGAGGAAGTAA	BAL	Lung	39	No	COPD.E	39A	39	1	1	Transplant	Transplant_BAL	Candida.albicans	Candida.albicans	C.albicans_Parainfluenza2	C.albicans_Parainfluenza2	1836	4.973136	92
B40	AAGAACGTCTCC	CTTGGTCATTTAGAGGAAGTAA	BAL	Lung	40	Yes	Supperative	40	40	1	1	Transplant	Transplant_BAL	None	None	P.aeruginosa	P.aeruginosa	785	0.529152	93
B41	ACATTCAGCGCA	CTTGGTCATTTAGAGGAAGTAA	BAL	Lung	41	No	ILD.IPF	41	41	2	1	Transplant	Transplant_BAL	None	None	S.aureus_S.aureus	S.aureus_S.aureus	1055	3.589632	94
B42	CCAATGGAACTC	CTTGGTCATTTAGAGGAAGTAA	BAL	Lung	42	No	COPD.E	42	42	1	1	Transplant	Transplant_BAL	Candida.albicans	Candida.albicans	C.albicans	C.albicans	2550	3.028752	95
B43	GTCTGACAGTTG	CTTGGTCATTTAGAGGAAGTAA	BAL	Lung	43	No	COPD.E	43	43	1	1	Transplant	Transplant_BAL	None	None	None	None	2716	7.983192	96
B44	TTCCGGTATGGA	CTTGGTCATTTAGAGGAAGTAA	BAL	Lung	44	No	ILD.IPF	44	44	1	1	Transplant	Transplant_BAL	Aspergillus.fumigatus.Paecilomyces.lilacinus	Aspergillus.fumigatus.Paecilomyces.lilacinus	AspergillusFumigatus_B.cepacia_CMV_PaecilomycesLilacinus	AspergillusFumigatus_B.cepacia_CMV_PaecilomycesLilacinus	2894	20.00472	97
h2o.8.1	CGAACTCAATGC	CTTGGTCATTTAGAGGAAGTAA	ExtractionControl	Reagents	NA	NA	NA	NA	ExtractionControl	NA	1	ExtractionControl	ExtractionControl	ExtractionControl	ExtractionControl	ExtractionControl	ExtractionControl	761	0.172938	98
P45	TCCAAGTAAGCC	CTTGGTCATTTAGAGGAAGTAA	PreWash	Bronchoscope	45	NA	NA	45	PreWash	1	1	PreWash	PreWash	PreWash	PreWash	PreWash	PreWash	118	0.11685	99
P46	ACCTCGATCAGA	CTTGGTCATTTAGAGGAAGTAA	PreWash	Bronchoscope	46	NA	NA	46	PreWash	1	1	PreWash	PreWash	PreWash	PreWash	PreWash	PreWash	733	0.172938	100
P47	TGAGGTCTTGAC	CTTGGTCATTTAGAGGAAGTAA	PreWash	Bronchoscope	47	NA	NA	47	PreWash	1	1	PreWash	PreWash	PreWash	PreWash	PreWash	PreWash	309	0.2337	101
P48	CGTCTCAGAACA	CTTGGTCATTTAGAGGAAGTAA	PreWash	Bronchoscope	39	NA	NA	39B	PreWash	2	1	PreWash	PreWash	PreWash	PreWash	PreWash	PreWash	496	0.2337	102
P49	TCACAGATCCGA	CTTGGTCATTTAGAGGAAGTAA	PreWash	Bronchoscope	49	NA	NA	49	PreWash	1	1	PreWash	PreWash	PreWash	PreWash	PreWash	PreWash	847	0.523488	103
P50	GACTAACGTCAC	CTTGGTCATTTAGAGGAAGTAA	PreWash	Bronchoscope	36	NA	NA	36B	PreWash	2	1	PreWash	PreWash	PreWash	PreWash	PreWash	PreWash	484	0.18696	104
OW45	CTAGCGAACATC	CTTGGTCATTTAGAGGAAGTAA	OralWash	OralCavity	45	No	ILD.IPF	45	45	1	1	Transplant	Transplant_OralWash	OralWash	Candida.albicans	OralWash	C.albicans_MAI	4502	42.799818	105
OW46	CTGGCTGTATGA	CTTGGTCATTTAGAGGAAGTAA	OralWash	OralCavity	46	No	COPD.E	46	46	1	1	Transplant	Transplant_OralWash	OralWash	None	OralWash	P.aeruginosa	198	5.407818	106
OW47	AGCCATACTGAC	CTTGGTCATTTAGAGGAAGTAA	OralWash	OralCavity	47	No	COPD.E	47	47	1	1	Transplant	Transplant_OralWash	OralWash	Candida.albicans	OralWash	C.albicans_E.cloacae	4156	41.631318	107
OW48	CACGGACTATAC	CTTGGTCATTTAGAGGAAGTAA	OralWash	OralCavity	39	NA	NA	39B	39	2	1	Transplant	Transplant_OralWash	OralWash	Candida.albicans	OralWash	C.albicans	5397	42.542748	108
OW49	TGTCAAGTCGTG	CTTGGTCATTTAGAGGAAGTAA	OralWash	OralCavity	49	No	ILD.IPF	49	49	1	1	Transplant	Transplant_OralWash	OralWash	Candida.albicans	OralWash	C.albicans	4896	43.225152	109
OW50	TCGACCAGCAAT	CTTGGTCATTTAGAGGAAGTAA	OralWash	OralCavity	36	NA	NA	36B	36	2	1	Transplant	Transplant_OralWash	OralWash	None	OralWash	Klebsiella.oxytoca_Klebsiella.oxytoca	594	1.79949	110
B45	ACGTTAGCACAC	CTTGGTCATTTAGAGGAAGTAA	BAL	Lung	45	No	ILD.IPF	45	45	1	1	Transplant	Transplant_BAL	Candida.albicans	Candida.albicans	C.albicans_MAI	C.albicans_MAI	2716	6.230442	111
B46	CATGTTGGCATG	CTTGGTCATTTAGAGGAAGTAA	BAL	Lung	46	No	COPD.E	46	46	1	1	Transplant	Transplant_BAL	None	None	P.aeruginosa	P.aeruginosa	170	1.738728	112
B47	CCTATGTGATGG	CTTGGTCATTTAGAGGAAGTAA	BAL	Lung	47	No	COPD.E	47	47	1	1	Transplant	Transplant_BAL	Candida.albicans	Candida.albicans	C.albicans_E.cloacae	C.albicans_E.cloacae	3522	42.224916	113
B48	CTGTGTTCAGGA	CTTGGTCATTTAGAGGAAGTAA	BAL	Lung	39	NA	NA	39B	39	2	1	Transplant	Transplant_BAL	Candida.albicans	Candida.albicans	C.albicans	C.albicans	2475	6.043482	114
B49	ACGCAACTGCTA	CTTGGTCATTTAGAGGAAGTAA	BAL	Lung	49	No	ILD.IPF	49	49	1	1	Transplant	Transplant_BAL	Candida.albicans	Candida.albicans	C.albicans	C.albicans	3100	36.555354	115
B50	CTATACCACGGA	CTTGGTCATTTAGAGGAAGTAA	BAL	Lung	36	NA	NA	36B	36	2	1	Transplant	Transplant_BAL	None	None	Klebsiella.oxytoca_Klebsiella.oxytoca	Klebsiella.oxytoca_Klebsiella.oxytoca	717	2.248194	116
sal.8.1	GTATAGGTTCGC	CTTGGTCATTTAGAGGAAGTAA	ExtractionControl	Reagents	NA	NA	NA	NA	ExtractionControl	NA	1	ExtractionControl	ExtractionControl	ExtractionControl	ExtractionControl	ExtractionControl	ExtractionControl	753	0.2337	117
h2o.8.2	AATGCGCATCCA	CTTGGTCATTTAGAGGAAGTAA	ExtractionControl	Reagents	NA	NA	NA	NA	ExtractionControl	NA	1	ExtractionControl	ExtractionControl	ExtractionControl	ExtractionControl	ExtractionControl	ExtractionControl	223	0.341202	136
sal.8.2	TACAGCAATCCG	CTTGGTCATTTAGAGGAAGTAA	ExtractionControl	Reagents	NA	NA	NA	NA	ExtractionControl	NA	1	ExtractionControl	ExtractionControl	ExtractionControl	ExtractionControl	ExtractionControl	ExtractionControl	662	0.229026	137
P32	GATCAACTACCG	CTTGGTCATTTAGAGGAAGTAA	PreWash	Bronchoscope	32	NA	NA	32	PreWash	1	1	PreWash	PreWash	PreWash	PreWash	PreWash	PreWash	181	0.223236	138
P33	CCATGCGATAAC	CTTGGTCATTTAGAGGAAGTAA	PreWash	Bronchoscope	33	NA	NA	33	PreWash	1	1	PreWash	PreWash	PreWash	PreWash	PreWash	PreWash	903	0.43407	139
P34	TGATGTGTGACC	CTTGGTCATTTAGAGGAAGTAA	PreWash	Bronchoscope	13	NA	NA	13	PreWash	2	1	PreWash	PreWash	PreWash	PreWash	PreWash	PreWash	965	0.748254	140
P35	CCACGCTAATGA	CTTGGTCATTTAGAGGAAGTAA	PreWash	Bronchoscope	35	NA	NA	35	PreWash	1	1	PreWash	PreWash	PreWash	PreWash	PreWash	PreWash	0	0.119886	141
OW32	CCACGAAGCTAT	CTTGGTCATTTAGAGGAAGTAA	OralWash	OralCavity	32	Yes	Supperative	32	32	1	1	Transplant	Transplant_OralWash	OralWash	None	OralWash	Achromobacter_P.aeruginosa	431	1.666002	142
OW33	AGCAATTCGACC	CTTGGTCATTTAGAGGAAGTAA	OralWash	OralCavity	33	Yes	Supperative	33	33	1	1	Transplant	Transplant_OralWash	OralWash	None	OralWash	P.aeruginosa	2154	4.121598	143
OW34	CTAGAACGCACT	CTTGGTCATTTAGAGGAAGTAA	OralWash	OralCavity	13	No	COPD.E	13	13	2	1	Transplant	Transplant_OralWash	OralWash	None	OralWash	None	598	3.195582	144
OW35	ACAACTCGGACT	CTTGGTCATTTAGAGGAAGTAA	OralWash	OralCavity	35	Yes	Supperative	35	35	1	1	Transplant	Transplant_OralWash	OralWash	Candida.albicans	OralWash	C.albicans_MAI	2025	6.353958	145
B32	GTAAGCACCTAC	CTTGGTCATTTAGAGGAAGTAA	BAL	Lung	32	Yes	Supperative	32	32	1	1	Transplant	Transplant_BAL	None	None	Achromobacter_P.aeruginosa	Achromobacter_P.aeruginosa	1213	0.892944	146
B33	GATCCGACACTA	CTTGGTCATTTAGAGGAAGTAA	BAL	Lung	33	Yes	Supperative	33	33	1	1	Transplant	Transplant_BAL	None	None	P.aeruginosa	P.aeruginosa	127	1.331148	147
B34	GACCTAGACCTA	CTTGGTCATTTAGAGGAAGTAA	BAL	Lung	34	No	COPD.E	34	34	2	1	Transplant	Transplant_BAL	None	None	None	None	177	0.698646	148
B35	GGTGAGTTCCTA	CTTGGTCATTTAGAGGAAGTAA	BAL	Lung	35	Yes	Supperative	35	35	1	1	Transplant	Transplant_BAL	Candida.albicans	Candida.albicans	C.albicans_MAI	C.albicans_MAI	1206	1.517178	149
E3B06.Pre2	AGTGTTCGATCG	CTTGGTCATTTAGAGGAAGTAA	PreWash	Bronchoscope	3B06	NA	NA	3B06	PreWash	1	1	PreWash	PreWash	PreWash	PreWash	PreWash	PreWash	709	0.4674	150
E3B07.Pre2	GGCTTGTACTAG	CTTGGTCATTTAGAGGAAGTAA	PreWash	Bronchoscope	3B07	NA	NA	3B07	PreWash	1	1	PreWash	PreWash	PreWash	PreWash	PreWash	PreWash	1261	0.789906	151
E3B08.Pre2	CGGACTACAACT	CTTGGTCATTTAGAGGAAGTAA	PreWash	Bronchoscope	3B08	NA	NA	3B08	PreWash	1	1	PreWash	PreWash	PreWash	PreWash	PreWash	PreWash	184	0.121524	152
E3B09.Pre2	TATGGATTCCGG	CTTGGTCATTTAGAGGAAGTAA	PreWash	Bronchoscope	3B09	NA	NA	3B09	PreWash	1	1	PreWash	PreWash	PreWash	PreWash	PreWash	PreWash	397	0.14022	153
E3B10.Pre2	CACCAGATTCAG	CTTGGTCATTTAGAGGAAGTAA	PreWash	Bronchoscope	3B10	NA	NA	3B10	PreWash	1	1	PreWash	PreWash	PreWash	PreWash	PreWash	PreWash	621	0.056088	154
E3B11.Pre2	AGTTAGTGCGTC	CTTGGTCATTTAGAGGAAGTAA	PreWash	Bronchoscope	3B11	NA	NA	3B11	PreWash	1	1	PreWash	PreWash	PreWash	PreWash	PreWash	PreWash	898	0.308484	155
E3B06.OW	CGTCACGACTAA	CTTGGTCATTTAGAGGAAGTAA	OralWash	OralCavity	3B06	Healthy3B	Healthy3B	3B06	3B06	1	1	Healthy3B	Healthy3B_OralWash	OralWash	Healthy3B	Healthy3B_OW	Healthy3B_OW	1709	5.39847	156
E3B07.OW	CTACCGGATCAA	CTTGGTCATTTAGAGGAAGTAA	OralWash	OralCavity	3B07	Healthy3B	Healthy3B	3B07	3B07	1	1	Healthy3B	Healthy3B_OralWash	OralWash	Healthy3B	Healthy3B_OW	Healthy3B_OW	2082	6.599688	157
E3B08.OW	ATAATGCACGCC	CTTGGTCATTTAGAGGAAGTAA	OralWash	OralCavity	3B08	Healthy3B	Healthy3B	3B08	3B08	1	1	Healthy3B	Healthy3B_OralWash	OralWash	Healthy3B	Healthy3B_OW	Healthy3B_OW	2322	21.935082	158
E3B09.OW	CATTGATGCGGT	CTTGGTCATTTAGAGGAAGTAA	OralWash	OralCavity	3B09	Healthy3B	Healthy3B	3B09	3B09	1	1	Healthy3B	Healthy3B_OralWash	OralWash	Healthy3B	Healthy3B_OW	Healthy3B_OW	1358	8.866578	159
E3B10.OW	GATGCTCTTAGG	CTTGGTCATTTAGAGGAAGTAA	OralWash	OralCavity	3B10	Healthy3B	Healthy3B	3B10	3B10	1	1	Healthy3B	Healthy3B_OralWash	OralWash	Healthy3B	Healthy3B_OW	Healthy3B_OW	278	0.766536	160
E3B11.OW	ACCTACGTAAGC	CTTGGTCATTTAGAGGAAGTAA	OralWash	OralCavity	3B11	Healthy3B	Healthy3B	3B11	3B11	1	1	Healthy3B	Healthy3B_OralWash	OralWash	Healthy3B	Healthy3B_OW	Healthy3B_OW	293	3.267126	161
E3B06.1stRet	GTCGTTAAGCGT	CTTGGTCATTTAGAGGAAGTAA	BAL	Lung	3B06	Healthy3B	Healthy3B	3B06	3B06	1	1	Healthy3B	Healthy3B_BAL	Healthy3B	Healthy3B	Healthy3B_BAL	Healthy3B_BAL	868	1.19187	162
E3B07.1stRet	ATACAGAGCTCC	CTTGGTCATTTAGAGGAAGTAA	BAL	Lung	3B07	Healthy3B	Healthy3B	3B07	3B07	1	1	Healthy3B	Healthy3B_BAL	Healthy3B	Healthy3B	Healthy3B_BAL	Healthy3B_BAL	1250	2.248194	163
E3B08.1stRet	TTGGTCGGACAT	CTTGGTCATTTAGAGGAAGTAA	BAL	Lung	3B08	Healthy3B	Healthy3B	3B08	3B08	1	1	Healthy3B	Healthy3B_BAL	Healthy3B	Healthy3B	Healthy3B_BAL	Healthy3B_BAL	882	0.74784	164
E3B09.1stRet	GCCTAAGAACCT	CTTGGTCATTTAGAGGAAGTAA	BAL	Lung	3B09	Healthy3B	Healthy3B	3B09	3B09	1	1	Healthy3B	Healthy3B_BAL	Healthy3B	Healthy3B	Healthy3B_BAL	Healthy3B_BAL	760	0.967518	165
E3B10.1stRet	GAGTACTGGTTC	CTTGGTCATTTAGAGGAAGTAA	BAL	Lung	3B10	Healthy3B	Healthy3B	3B10	3B10	1	1	Healthy3B	Healthy3B_BAL	Healthy3B	Healthy3B	Healthy3B_BAL	Healthy3B_BAL	1030	0.32718	166
E3B11.1stRet	AGCTCCATACAG	CTTGGTCATTTAGAGGAAGTAA	BAL	Lung	3B11	Healthy3B	Healthy3B	3B11	3B11	1	1	Healthy3B	Healthy3B_BAL	Healthy3B	Healthy3B	Healthy3B_BAL	Healthy3B_BAL	775	0.565554	167