#SampleID	BarcodeSequence	LinkerPrimerSequence	study_group	HostSpecies	p.lilacinus_culture	a.fumigatus_culture	a.flavus_culture	c.albicans_culture	SampleType	time_point	SubjectID	Repeat	antibiotics	pcr_temp	Project	DateCollected	study_day
B1	CTGTGGATCGAT	CTTGGTCATTTAGAGGAAGTAA	Transplant	Human	NA	NA	NA	NA	BAL	A	Tx1	NA	NA	NA	NA	NA	NA
P1	CTTGACTGAGGT	CTTGGTCATTTAGAGGAAGTAA	Transplant	NA	NA	NA	NA	NA	Bronchoscope pre-wash	A	Tx1	NA	NA	NA	NA	NA	NA
B10	GTCTGACAGTTG	CTTGGTCATTTAGAGGAAGTAA	Transplant	Human	FALSE	FALSE	FALSE	FALSE	BAL	A	Tx10	NA	NA	NA	NA	NA	NA
P10	TGACAATCCAGC	CTTGGTCATTTAGAGGAAGTAA	Transplant	NA	NA	NA	NA	NA	Bronchoscope pre-wash	A	Tx10	NA	NA	NA	NA	NA	NA
B11	TTCCGGTATGGA	CTTGGTCATTTAGAGGAAGTAA	Transplant	Human	FALSE	FALSE	TRUE	FALSE	BAL	A	Tx11	NA	NA	NA	NA	NA	NA
B28	TACAGCAATCCG	CTTGGTCATTTAGAGGAAGTAA	Transplant	Human	FALSE	FALSE	TRUE	FALSE	BAL	B	Tx11	NA	NA	NA	NA	NA	NA
P11	TACACACATGGC	CTTGGTCATTTAGAGGAAGTAA	Transplant	NA	NA	NA	NA	NA	Bronchoscope pre-wash	A	Tx11	NA	NA	NA	NA	NA	NA
P28	CATTGATGCGGT	CTTGGTCATTTAGAGGAAGTAA	Transplant	NA	NA	NA	NA	NA	Bronchoscope pre-wash	B	Tx11	NA	NA	NA	NA	NA	NA
B12	TCGACCAGCAAT	CTTGGTCATTTAGAGGAAGTAA	Transplant	Human	FALSE	FALSE	FALSE	FALSE	BAL	A	Tx12	NA	NA	NA	NA	NA	NA
P12	ACCTCGATCAGA	CTTGGTCATTTAGAGGAAGTAA	Transplant	NA	NA	NA	NA	NA	Bronchoscope pre-wash	A	Tx12	NA	NA	NA	NA	NA	NA
B13	ACGTTAGCACAC	CTTGGTCATTTAGAGGAAGTAA	Transplant	Human	FALSE	FALSE	FALSE	FALSE	BAL	A	Tx34	NA	NA	NA	NA	NA	NA
B34	GACCTAGACCTA	CTTGGTCATTTAGAGGAAGTAA	Transplant	Human	FALSE	FALSE	FALSE	FALSE	BAL	B	Tx34	NA	NA	NA	NA	NA	NA
Tx34BAL	GACCTAGACCTA	CTTGGTCATTTAGAGGAAGTAA	Transplant	Human	FALSE	FALSE	FALSE	FALSE	BAL	B	Tx34	NA	NA	NA	NA	NA	NA
P13	TGAGGTCTTGAC	CTTGGTCATTTAGAGGAAGTAA	Transplant	NA	NA	NA	NA	NA	Bronchoscope pre-wash	A	Tx34	NA	NA	NA	NA	NA	NA
P34	TGATGTGTGACC	CTTGGTCATTTAGAGGAAGTAA	Transplant	NA	NA	NA	NA	NA	Bronchoscope pre-wash	B	Tx34	NA	NA	NA	NA	NA	NA
OW34	CTAGAACGCACT	CTTGGTCATTTAGAGGAAGTAA	Transplant	Human	NA	NA	NA	NA	Oral wash	B	Tx34	NA	NA	NA	NA	NA	NA
Tx34OW	CTAGAACGCACT	CTTGGTCATTTAGAGGAAGTAA	Transplant	Human	NA	NA	NA	NA	Oral wash	B	Tx34	NA	NA	NA	NA	NA	NA
B14	CATGTTGGCATG	CTTGGTCATTTAGAGGAAGTAA	Transplant	Human	FALSE	FALSE	FALSE	FALSE	BAL	A	Tx14	NA	NA	NA	NA	NA	NA
P14	CGTCTCAGAACA	CTTGGTCATTTAGAGGAAGTAA	Transplant	NA	NA	NA	NA	NA	Bronchoscope pre-wash	A	Tx14	NA	NA	NA	NA	NA	NA
B16	CCTATGTGATGG	CTTGGTCATTTAGAGGAAGTAA	Transplant	Human	FALSE	FALSE	FALSE	FALSE	BAL	A	Tx16	NA	NA	NA	NA	NA	NA
P16	TCACAGATCCGA	CTTGGTCATTTAGAGGAAGTAA	Transplant	NA	NA	NA	NA	NA	Bronchoscope pre-wash	A	Tx16	NA	NA	NA	NA	NA	NA
B17	CTGTGTTCAGGA	CTTGGTCATTTAGAGGAAGTAA	Transplant	Human	FALSE	FALSE	FALSE	FALSE	BAL	A	Tx17	NA	NA	NA	NA	NA	NA
P17	GACTAACGTCAC	CTTGGTCATTTAGAGGAAGTAA	Transplant	NA	NA	NA	NA	NA	Bronchoscope pre-wash	A	Tx17	NA	NA	NA	NA	NA	NA
B18	ACGCAACTGCTA	CTTGGTCATTTAGAGGAAGTAA	Transplant	Human	FALSE	FALSE	FALSE	TRUE	BAL	A	Tx18	NA	NA	NA	NA	NA	NA
P18	CTAGCGAACATC	CTTGGTCATTTAGAGGAAGTAA	Transplant	NA	NA	NA	NA	NA	Bronchoscope pre-wash	A	Tx18	NA	NA	NA	NA	NA	NA
B19	CTATACCACGGA	CTTGGTCATTTAGAGGAAGTAA	Transplant	Human	FALSE	FALSE	FALSE	TRUE	BAL	A	Tx19	NA	NA	NA	NA	NA	NA
P19	CTGGCTGTATGA	CTTGGTCATTTAGAGGAAGTAA	Transplant	NA	NA	NA	NA	NA	Bronchoscope pre-wash	A	Tx19	NA	NA	NA	NA	NA	NA
B2	CACTATGCCGAA	CTTGGTCATTTAGAGGAAGTAA	Transplant	Human	NA	NA	NA	NA	BAL	A	Tx2	NA	NA	NA	NA	NA	NA
P2	AGCTATCCACGA	CTTGGTCATTTAGAGGAAGTAA	Transplant	NA	NA	NA	NA	NA	Bronchoscope pre-wash	A	Tx2	NA	NA	NA	NA	NA	NA
B20	GTATAGGTTCGC	CTTGGTCATTTAGAGGAAGTAA	Transplant	Human	FALSE	FALSE	FALSE	TRUE	BAL	A	Tx41	NA	NA	NA	NA	NA	NA
B41	ACATTCAGCGCA	CTTGGTCATTTAGAGGAAGTAA	Transplant	Human	FALSE	FALSE	FALSE	FALSE	BAL	B	Tx41	NA	NA	NA	NA	NA	NA
P20	AGCCATACTGAC	CTTGGTCATTTAGAGGAAGTAA	Transplant	NA	NA	NA	NA	NA	Bronchoscope pre-wash	A	Tx41	NA	NA	NA	NA	NA	NA
P41	AGGATGTTGCTC	CTTGGTCATTTAGAGGAAGTAA	Transplant	NA	NA	NA	NA	NA	Bronchoscope pre-wash	B	Tx41	NA	NA	NA	NA	NA	NA
OW41	TACACACATGGC	CTTGGTCATTTAGAGGAAGTAA	Transplant	Human	NA	NA	NA	NA	Oral wash	B	Tx41	NA	NA	NA	NA	NA	NA
B21	AGTGTTCGATCG	CTTGGTCATTTAGAGGAAGTAA	Transplant	Human	FALSE	FALSE	FALSE	FALSE	BAL	A	Tx21	NA	NA	NA	NA	NA	NA
P21	CACGGACTATAC	CTTGGTCATTTAGAGGAAGTAA	Transplant	NA	NA	NA	NA	NA	Bronchoscope pre-wash	A	Tx21	NA	NA	NA	NA	NA	NA
B22	GGCTTGTACTAG	CTTGGTCATTTAGAGGAAGTAA	Transplant	Human	FALSE	FALSE	FALSE	FALSE	BAL	A	Tx22	NA	NA	NA	NA	NA	NA
P22	TGTCAAGTCGTG	CTTGGTCATTTAGAGGAAGTAA	Transplant	NA	NA	NA	NA	NA	Bronchoscope pre-wash	A	Tx22	NA	NA	NA	NA	NA	NA
B23	TTGGTCGGACAT	CTTGGTCATTTAGAGGAAGTAA	Transplant	Human	FALSE	FALSE	FALSE	FALSE	BAL	A	Tx23	NA	NA	NA	NA	NA	NA
P23	CACCAGATTCAG	CTTGGTCATTTAGAGGAAGTAA	Transplant	NA	NA	NA	NA	NA	Bronchoscope pre-wash	A	Tx23	NA	NA	NA	NA	NA	NA
B24	GCCTAAGAACCT	CTTGGTCATTTAGAGGAAGTAA	Transplant	Human	FALSE	FALSE	FALSE	FALSE	BAL	A	Tx24	NA	NA	NA	NA	NA	NA
P24	AGTTAGTGCGTC	CTTGGTCATTTAGAGGAAGTAA	Transplant	NA	NA	NA	NA	NA	Bronchoscope pre-wash	A	Tx24	NA	NA	NA	NA	NA	NA
OW24	GGTAATCCTGTG	CTTGGTCATTTAGAGGAAGTAA	Transplant	Human	NA	NA	NA	NA	Oral wash	A	Tx24	NA	NA	NA	NA	NA	NA
B25	GAGTACTGGTTC	CTTGGTCATTTAGAGGAAGTAA	Transplant	Human	FALSE	FALSE	FALSE	FALSE	BAL	A	Tx25	NA	NA	NA	NA	NA	NA
P25	CGTCACGACTAA	CTTGGTCATTTAGAGGAAGTAA	Transplant	NA	NA	NA	NA	NA	Bronchoscope pre-wash	A	Tx25	NA	NA	NA	NA	NA	NA
OW25	CCTAAGCACATG	CTTGGTCATTTAGAGGAAGTAA	Transplant	Human	NA	NA	NA	NA	Oral wash	A	Tx25	NA	NA	NA	NA	NA	NA
B26	AGCTCCATACAG	CTTGGTCATTTAGAGGAAGTAA	Transplant	Human	FALSE	FALSE	FALSE	FALSE	BAL	A	Tx26	NA	NA	NA	NA	NA	NA
P26	CTACCGGATCAA	CTTGGTCATTTAGAGGAAGTAA	Transplant	NA	NA	NA	NA	NA	Bronchoscope pre-wash	A	Tx26	NA	NA	NA	NA	NA	NA
OW26	CCGAATGCACTA	CTTGGTCATTTAGAGGAAGTAA	Transplant	Human	NA	NA	NA	NA	Oral wash	A	Tx26	NA	NA	NA	NA	NA	NA
B27	AATGCGCATCCA	CTTGGTCATTTAGAGGAAGTAA	Transplant	Human	FALSE	FALSE	FALSE	FALSE	BAL	A	Tx27	NA	NA	NA	NA	NA	NA
P27	ATAATGCACGCC	CTTGGTCATTTAGAGGAAGTAA	Transplant	NA	NA	NA	NA	NA	Bronchoscope pre-wash	A	Tx27	NA	NA	NA	NA	NA	NA
B29	CGAATCGACACT	CTTGGTCATTTAGAGGAAGTAA	Transplant	Human	FALSE	FALSE	FALSE	FALSE	BAL	A	Tx29	NA	NA	NA	NA	NA	NA
P29	GATGCTCTTAGG	CTTGGTCATTTAGAGGAAGTAA	Transplant	NA	NA	NA	NA	NA	Bronchoscope pre-wash	A	Tx29	NA	NA	NA	NA	NA	NA
B3	ACCGTAATCCAG	CTTGGTCATTTAGAGGAAGTAA	Transplant	Human	FALSE	FALSE	FALSE	FALSE	BAL	A	Tx3	NA	NA	NA	NA	NA	NA
P3	AGGATGTTGCTC	CTTGGTCATTTAGAGGAAGTAA	Transplant	NA	NA	NA	NA	NA	Bronchoscope pre-wash	A	Tx3	NA	NA	NA	NA	NA	NA
B30	ATCGCCACGTAA	CTTGGTCATTTAGAGGAAGTAA	Transplant	Human	FALSE	FALSE	FALSE	FALSE	BAL	A	Tx30	NA	NA	NA	NA	NA	NA
P30	ATCCGATCACAG	CTTGGTCATTTAGAGGAAGTAA	Transplant	NA	NA	NA	NA	NA	Bronchoscope pre-wash	A	Tx30	NA	NA	NA	NA	NA	NA
OW30	CAAGCATGCCTA	CTTGGTCATTTAGAGGAAGTAA	Transplant	Human	NA	NA	NA	NA	Oral wash	A	Tx30	Original	NA	NA	NA	NA	NA
Tx30.OW.65C.ex1	CGTGTACATCAG	CTTGGTCATTTAGAGGAAGTAA	Transplant	Human	NA	NA	NA	NA	Oral wash	A	Tx30	65C 1	NA	65C	PCR comparison	NA	NA
Tx30.OW.65C.ex2	AGACTGCGTACT	CTTGGTCATTTAGAGGAAGTAA	Transplant	Human	NA	NA	NA	NA	Oral wash	A	Tx30	65C 2	NA	65C	PCR comparison	NA	NA
Tx30.OW.65C.ex3	GCTATCACGAGT	CTTGGTCATTTAGAGGAAGTAA	Transplant	Human	NA	NA	NA	NA	Oral wash	A	Tx30	65C 3	NA	65C	PCR comparison	NA	NA
Tx30.OW.65C95C.ex1	CTAGTCAGCTGA	CTTGGTCATTTAGAGGAAGTAA	Transplant	Human	NA	NA	NA	NA	Oral wash	A	Tx30	65C+95C 1	NA	65C+95C	PCR comparison	NA	NA
Tx30.OW.65C95C.ex2	CATCAGCGTGTA	CTTGGTCATTTAGAGGAAGTAA	Transplant	Human	NA	NA	NA	NA	Oral wash	A	Tx30	65C+95C 2	NA	65C+95C	PCR comparison	NA	NA
Tx30.OW.65C95C.ex3	ATGCAGCTCAGT	CTTGGTCATTTAGAGGAAGTAA	Transplant	Human	NA	NA	NA	NA	Oral wash	A	Tx30	65C+95C 3	NA	65C+95C	PCR comparison	NA	NA
B31	TTGCCGAAGTGT	CTTGGTCATTTAGAGGAAGTAA	Transplant	Human	FALSE	FALSE	FALSE	FALSE	BAL	A	Tx31	NA	NA	NA	NA	NA	NA
P31	TGCGGTCATTGA	CTTGGTCATTTAGAGGAAGTAA	Transplant	NA	NA	NA	NA	NA	Bronchoscope pre-wash	A	Tx31	NA	NA	NA	NA	NA	NA
OW31	ATTCCAAGCCGA	CTTGGTCATTTAGAGGAAGTAA	Transplant	Human	NA	NA	NA	NA	Oral wash	A	Tx31	NA	NA	NA	NA	NA	NA
B32	GTAAGCACCTAC	CTTGGTCATTTAGAGGAAGTAA	Transplant	Human	FALSE	FALSE	FALSE	FALSE	BAL	A	Tx32	NA	NA	NA	NA	NA	NA
Tx32BAL	GTAAGCACCTAC	CTTGGTCATTTAGAGGAAGTAA	Transplant	Human	FALSE	FALSE	FALSE	FALSE	BAL	A	Tx32	NA	NA	NA	NA	NA	NA
P32	GATCAACTACCG	CTTGGTCATTTAGAGGAAGTAA	Transplant	NA	NA	NA	NA	NA	Bronchoscope pre-wash	A	Tx32	NA	NA	NA	NA	NA	NA
OW32	CCACGAAGCTAT	CTTGGTCATTTAGAGGAAGTAA	Transplant	Human	NA	NA	NA	NA	Oral wash	A	Tx32	NA	NA	NA	NA	NA	NA
Tx32OW	CCACGAAGCTAT	CTTGGTCATTTAGAGGAAGTAA	Transplant	Human	NA	NA	NA	NA	Oral wash	A	Tx32	NA	NA	NA	NA	NA	NA
B33	GATCCGACACTA	CTTGGTCATTTAGAGGAAGTAA	Transplant	Human	FALSE	FALSE	FALSE	FALSE	BAL	A	Tx33	NA	NA	NA	NA	NA	NA
P33	CCATGCGATAAC	CTTGGTCATTTAGAGGAAGTAA	Transplant	NA	NA	NA	NA	NA	Bronchoscope pre-wash	A	Tx33	NA	NA	NA	NA	NA	NA
OW33	AGCAATTCGACC	CTTGGTCATTTAGAGGAAGTAA	Transplant	Human	NA	NA	NA	NA	Oral wash	A	Tx33	NA	NA	NA	NA	NA	NA
B35	GGTGAGTTCCTA	CTTGGTCATTTAGAGGAAGTAA	Transplant	Human	FALSE	FALSE	FALSE	TRUE	BAL	A	Tx35	NA	NA	NA	NA	NA	NA
P35	CCACGCTAATGA	CTTGGTCATTTAGAGGAAGTAA	Transplant	NA	NA	NA	NA	NA	Bronchoscope pre-wash	A	Tx35	NA	NA	NA	NA	NA	NA
OW35	ACAACTCGGACT	CTTGGTCATTTAGAGGAAGTAA	Transplant	Human	NA	NA	NA	NA	Oral wash	A	Tx35	Original	NA	NA	NA	NA	NA
Tx35.OW.65C.ex1	TACTGCGACAGT	CTTGGTCATTTAGAGGAAGTAA	Transplant	Human	NA	NA	NA	NA	Oral wash	A	Tx35	65C 1	NA	65C	PCR comparison	NA	NA
Tx35.OW.65C.ex2	CGTACTAGACTG	CTTGGTCATTTAGAGGAAGTAA	Transplant	Human	NA	NA	NA	NA	Oral wash	A	Tx35	65C 2	NA	65C	PCR comparison	NA	NA
Tx35.OW.65C.ex3	ACATGTCACGTG	CTTGGTCATTTAGAGGAAGTAA	Transplant	Human	NA	NA	NA	NA	Oral wash	A	Tx35	65C 3	NA	65C	PCR comparison	NA	NA
Tx35.OW.65C95C.ex1	CATGAGTGCTAC	CTTGGTCATTTAGAGGAAGTAA	Transplant	Human	NA	NA	NA	NA	Oral wash	A	Tx35	65C+95C 1	NA	65C+95C	PCR comparison	NA	NA
Tx35.OW.65C95C.ex2	ACGACTATGTGC	CTTGGTCATTTAGAGGAAGTAA	Transplant	Human	NA	NA	NA	NA	Oral wash	A	Tx35	65C+95C 2	NA	65C+95C	PCR comparison	NA	NA
Tx35.OW.65C95C.ex3	CACGTGACATGT	CTTGGTCATTTAGAGGAAGTAA	Transplant	Human	NA	NA	NA	NA	Oral wash	A	Tx35	65C+95C 3	NA	65C+95C	PCR comparison	NA	NA
B36	ATACAGAGCTCC	CTTGGTCATTTAGAGGAAGTAA	Transplant	Human	FALSE	FALSE	TRUE	TRUE	BAL	A	Tx36	NA	NA	NA	NA	NA	NA
B50	CTATACCACGGA	CTTGGTCATTTAGAGGAAGTAA	Transplant	Human	FALSE	FALSE	FALSE	FALSE	BAL	B	Tx36	Original	NA	NA	NA	NA	NA
Tx50BAL1	GATGCTCTTAGG	CTTGGTCATTTAGAGGAAGTAA	Transplant	Human	FALSE	FALSE	FALSE	FALSE	BAL	B	Tx36	ReExtraction1	NA	NA	Reproducibility	NA	NA
Tx50BAL2	ACCTACGTAAGC	CTTGGTCATTTAGAGGAAGTAA	Transplant	Human	FALSE	FALSE	FALSE	FALSE	BAL	B	Tx36	ReExtraction2	NA	NA	Reproducibility	NA	NA
Tx50BAL3	GTCGTTAAGCGT	CTTGGTCATTTAGAGGAAGTAA	Transplant	Human	FALSE	FALSE	FALSE	FALSE	BAL	B	Tx36	ReExtraction3	NA	NA	Reproducibility	NA	NA
P36	ACCTACGTAAGC	CTTGGTCATTTAGAGGAAGTAA	Transplant	NA	NA	NA	NA	NA	Bronchoscope pre-wash	A	Tx36	NA	NA	NA	NA	NA	NA
P50	GACTAACGTCAC	CTTGGTCATTTAGAGGAAGTAA	Transplant	NA	NA	NA	NA	NA	Bronchoscope pre-wash	B	Tx36	Original	NA	NA	NA	NA	NA
Tx50PreWash	CTGGCTGTATGA	CTTGGTCATTTAGAGGAAGTAA	Transplant	NA	NA	NA	NA	NA	Bronchoscope pre-wash	B	Tx36	ReExtraction1	NA	NA	Reproducibility	NA	NA
OW36	GTCGTTAAGCGT	CTTGGTCATTTAGAGGAAGTAA	Transplant	Human	NA	NA	NA	NA	Oral wash	A	Tx36	NA	NA	NA	NA	NA	NA
OW50	TCGACCAGCAAT	CTTGGTCATTTAGAGGAAGTAA	Transplant	Human	NA	NA	NA	NA	Oral wash	B	Tx36	Original	NA	NA	NA	NA	NA
Tx50OW2	CTATACCACGGA	CTTGGTCATTTAGAGGAAGTAA	Transplant	Human	NA	NA	NA	NA	Oral wash	B	Tx36	ReExtraction1	NA	NA	Reproducibility	NA	NA
Tx50OW1	GTATAGGTTCGC	CTTGGTCATTTAGAGGAAGTAA	Transplant	Human	NA	NA	NA	NA	Oral wash	B	Tx36	ReExtraction2	NA	NA	Reproducibility	NA	NA
Tx50OW3	AGTGTTCGATCG	CTTGGTCATTTAGAGGAAGTAA	Transplant	Human	NA	NA	NA	NA	Oral wash	B	Tx36	ReExtraction3	NA	NA	Reproducibility	NA	NA
B38	GCTGGTATCTGA	CTTGGTCATTTAGAGGAAGTAA	Transplant	Human	FALSE	FALSE	FALSE	TRUE	BAL	A	Tx38	NA	NA	NA	NA	NA	NA
P38	TGCGCTTGGATA	CTTGGTCATTTAGAGGAAGTAA	Transplant	NA	NA	NA	NA	NA	Bronchoscope pre-wash	A	Tx38	NA	NA	NA	NA	NA	NA
OW38	GAACTAGTCACC	CTTGGTCATTTAGAGGAAGTAA	Transplant	Human	NA	NA	NA	NA	Oral wash	A	Tx38	NA	NA	NA	NA	NA	NA
B39	CGATAACATGCC	CTTGGTCATTTAGAGGAAGTAA	Transplant	Human	FALSE	FALSE	FALSE	TRUE	BAL	A	Tx39	NA	NA	NA	NA	NA	NA
B48	CTGTGTTCAGGA	CTTGGTCATTTAGAGGAAGTAA	Transplant	Human	FALSE	FALSE	FALSE	TRUE	BAL	B	Tx39	Original	NA	NA	NA	NA	NA
Tx48BAL1	GATCAACTACCG	CTTGGTCATTTAGAGGAAGTAA	Transplant	Human	FALSE	FALSE	FALSE	TRUE	BAL	B	Tx39	ReExtraction1	NA	NA	Reproducibility	NA	NA
Tx48BAL2	CCATGCGATAAC	CTTGGTCATTTAGAGGAAGTAA	Transplant	Human	FALSE	FALSE	FALSE	TRUE	BAL	B	Tx39	ReExtraction2	NA	NA	Reproducibility	NA	NA
Tx48BAL3	TGATGTGTGACC	CTTGGTCATTTAGAGGAAGTAA	Transplant	Human	FALSE	FALSE	FALSE	TRUE	BAL	B	Tx39	ReExtraction3	NA	NA	Reproducibility	NA	NA
P39	CTTGACTGAGGT	CTTGGTCATTTAGAGGAAGTAA	Transplant	NA	NA	NA	NA	NA	Bronchoscope pre-wash	A	Tx39	NA	NA	NA	NA	NA	NA
P48	CGTCTCAGAACA	CTTGGTCATTTAGAGGAAGTAA	Transplant	NA	NA	NA	NA	NA	Bronchoscope pre-wash	B	Tx39	Original	NA	NA	NA	NA	NA
Tx48PreWash	GAGTACTGGTTC	CTTGGTCATTTAGAGGAAGTAA	Transplant	NA	NA	NA	NA	NA	Bronchoscope pre-wash	B	Tx39	ReExtraction1	NA	NA	Reproducibility	NA	NA
OW39	CGAGTCTAGTTG	CTTGGTCATTTAGAGGAAGTAA	Transplant	Human	NA	NA	NA	NA	Oral wash	A	Tx39	NA	NA	NA	NA	NA	NA
OW48	CACGGACTATAC	CTTGGTCATTTAGAGGAAGTAA	Transplant	Human	NA	NA	NA	NA	Oral wash	B	Tx39	Original	NA	NA	NA	NA	NA
Tx48OW1	CGAATCGACACT	CTTGGTCATTTAGAGGAAGTAA	Transplant	Human	NA	NA	NA	NA	Oral wash	B	Tx39	ReExtraction1	NA	NA	Reproducibility	NA	NA
Tx48OW2	GGTAATCCTGTG	CTTGGTCATTTAGAGGAAGTAA	Transplant	Human	NA	NA	NA	NA	Oral wash	B	Tx39	ReExtraction2	NA	NA	Reproducibility	NA	NA
Tx48OW3	CCTAAGCACATG	CTTGGTCATTTAGAGGAAGTAA	Transplant	Human	NA	NA	NA	NA	Oral wash	B	Tx39	ReExtraction3	NA	NA	Reproducibility	NA	NA
E3B06.Pre2	AGTGTTCGATCG	CTTGGTCATTTAGAGGAAGTAA	3B	NA	NA	NA	NA	NA	Bronchoscope pre-wash	A	3B06	NA	NA	NA	NA	NA	NA
E3B06.OW	CGTCACGACTAA	CTTGGTCATTTAGAGGAAGTAA	3B	Human	NA	NA	NA	NA	Oral wash	A	3B06	NA	NA	NA	NA	NA	NA
E3B06.1stRet	GTCGTTAAGCGT	CTTGGTCATTTAGAGGAAGTAA	3B	Human	NA	NA	NA	NA	BAL A 1st return	A	3B06	NA	NA	NA	NA	NA	NA
E3B06BALA	ATAATGCACGCC	CTTGGTCATTTAGAGGAAGTAA	3B	Human	NA	NA	NA	NA	BAL A 2nd return	NA	3B06	NA	NA	NA	NA	NA	NA
E3B06BALB	GGCTTGTACTAG	CTTGGTCATTTAGAGGAAGTAA	3B	Human	NA	NA	NA	NA	BAL B	NA	3B06	NA	NA	NA	NA	NA	NA
E3B07.Pre2	GGCTTGTACTAG	CTTGGTCATTTAGAGGAAGTAA	3B	NA	NA	NA	NA	NA	Bronchoscope pre-wash	A	3B07	NA	NA	NA	NA	NA	NA
E3B07.OW	CTACCGGATCAA	CTTGGTCATTTAGAGGAAGTAA	3B	Human	NA	NA	NA	NA	Oral wash	A	3B07	NA	NA	NA	NA	NA	NA
E3B07.1stRet	ATACAGAGCTCC	CTTGGTCATTTAGAGGAAGTAA	3B	Human	NA	NA	NA	NA	BAL A 1st return	A	3B07	NA	NA	NA	NA	NA	NA
E3B07BALA	CATTGATGCGGT	CTTGGTCATTTAGAGGAAGTAA	3B	Human	NA	NA	NA	NA	BAL A 2nd return	NA	3B07	NA	NA	NA	NA	NA	NA
E3B07BALB	CGGACTACAACT	CTTGGTCATTTAGAGGAAGTAA	3B	Human	NA	NA	NA	NA	BAL B	NA	3B07	NA	NA	NA	NA	NA	NA
E3B08.Pre2	CGGACTACAACT	CTTGGTCATTTAGAGGAAGTAA	3B	NA	NA	NA	NA	NA	Bronchoscope pre-wash	A	3B08	NA	NA	NA	NA	NA	NA
E3B08.OW	ATAATGCACGCC	CTTGGTCATTTAGAGGAAGTAA	3B	Human	NA	NA	NA	NA	Oral wash	A	3B08	NA	NA	NA	NA	NA	NA
E3B08.1stRet	TTGGTCGGACAT	CTTGGTCATTTAGAGGAAGTAA	3B	Human	NA	NA	NA	NA	BAL A 1st return	A	3B08	NA	NA	NA	NA	NA	NA
E3B08BALA	GATGCTCTTAGG	CTTGGTCATTTAGAGGAAGTAA	3B	Human	NA	NA	NA	NA	BAL A 2nd return	NA	3B08	NA	NA	NA	NA	NA	NA
E3B08BALB	TATGGATTCCGG	CTTGGTCATTTAGAGGAAGTAA	3B	Human	NA	NA	NA	NA	BAL B	NA	3B08	NA	NA	NA	NA	NA	NA
E3B09.Pre2	TATGGATTCCGG	CTTGGTCATTTAGAGGAAGTAA	3B	NA	NA	NA	NA	NA	Bronchoscope pre-wash	A	3B09	NA	NA	NA	NA	NA	NA
E3B09.OW	CATTGATGCGGT	CTTGGTCATTTAGAGGAAGTAA	3B	Human	NA	NA	NA	NA	Oral wash	A	3B09	NA	NA	NA	NA	NA	NA
E3B09.1stRet	GCCTAAGAACCT	CTTGGTCATTTAGAGGAAGTAA	3B	Human	NA	NA	NA	NA	BAL A 1st return	A	3B09	NA	NA	NA	NA	NA	NA
E3B09BALA	ACCTACGTAAGC	CTTGGTCATTTAGAGGAAGTAA	3B	Human	NA	NA	NA	NA	BAL A 2nd return	NA	3B09	NA	NA	NA	NA	NA	NA
E3B09BALB	CACCAGATTCAG	CTTGGTCATTTAGAGGAAGTAA	3B	Human	NA	NA	NA	NA	BAL B	NA	3B09	NA	NA	NA	NA	NA	NA
E3B10.Pre2	CACCAGATTCAG	CTTGGTCATTTAGAGGAAGTAA	3B	NA	NA	NA	NA	NA	Bronchoscope pre-wash	A	3B10	NA	NA	NA	NA	NA	NA
E3B10.OW	GATGCTCTTAGG	CTTGGTCATTTAGAGGAAGTAA	3B	Human	NA	NA	NA	NA	Oral wash	A	3B10	NA	NA	NA	NA	NA	NA
E3B10.1stRet	GAGTACTGGTTC	CTTGGTCATTTAGAGGAAGTAA	3B	Human	NA	NA	NA	NA	BAL A 1st return	A	3B10	NA	NA	NA	NA	NA	NA
E3B10BALA	GTCGTTAAGCGT	CTTGGTCATTTAGAGGAAGTAA	3B	Human	NA	NA	NA	NA	BAL A 2nd return	NA	3B10	NA	NA	NA	NA	NA	NA
E3B10BALB	AGTTAGTGCGTC	CTTGGTCATTTAGAGGAAGTAA	3B	Human	NA	NA	NA	NA	BAL B	NA	3B10	NA	NA	NA	NA	NA	NA
E3B11.Pre2	AGTTAGTGCGTC	CTTGGTCATTTAGAGGAAGTAA	3B	NA	NA	NA	NA	NA	Bronchoscope pre-wash	A	3B11	NA	NA	NA	NA	NA	NA
E3B11.OW	ACCTACGTAAGC	CTTGGTCATTTAGAGGAAGTAA	3B	Human	NA	NA	NA	NA	Oral wash	A	3B11	NA	NA	NA	NA	NA	NA
E3B11.1stRet	AGCTCCATACAG	CTTGGTCATTTAGAGGAAGTAA	3B	Human	NA	NA	NA	NA	BAL A 1st return	A	3B11	NA	NA	NA	NA	NA	NA
E3B11BALA.ReAmp	GTAAGCACCTAC	CTTGGTCATTTAGAGGAAGTAA	3B	Human	NA	NA	NA	NA	BAL A 2nd return	NA	3B11	NA	NA	NA	NA	NA	NA
E3B11BALA	ATACAGAGCTCC	CTTGGTCATTTAGAGGAAGTAA	3B	Human	NA	NA	NA	NA	BAL A 2nd return	NA	3B11	NA	NA	NA	NA	NA	NA
E3B11BALB.ReAmp	GACCTAGACCTA	CTTGGTCATTTAGAGGAAGTAA	3B	Human	NA	NA	NA	NA	BAL B	NA	3B11	NA	NA	NA	NA	NA	NA
E3B11BALB	CGTCACGACTAA	CTTGGTCATTTAGAGGAAGTAA	3B	Human	NA	NA	NA	NA	BAL B	NA	3B11	NA	NA	NA	NA	NA	NA
B4	GCTGGTATCTGA	CTTGGTCATTTAGAGGAAGTAA	Transplant	Human	FALSE	FALSE	FALSE	FALSE	BAL	A	Tx4	NA	NA	NA	NA	NA	NA
P4	AACCTCGTCAAG	CTTGGTCATTTAGAGGAAGTAA	Transplant	NA	NA	NA	NA	NA	Bronchoscope pre-wash	A	Tx4	NA	NA	NA	NA	NA	NA
B40	AAGAACGTCTCC	CTTGGTCATTTAGAGGAAGTAA	Transplant	Human	FALSE	FALSE	FALSE	FALSE	BAL	A	Tx40	NA	NA	NA	NA	NA	NA
P40	AGCTATCCACGA	CTTGGTCATTTAGAGGAAGTAA	Transplant	NA	NA	NA	NA	NA	Bronchoscope pre-wash	A	Tx40	NA	NA	NA	NA	NA	NA
OW40	TGACAATCCAGC	CTTGGTCATTTAGAGGAAGTAA	Transplant	Human	NA	NA	NA	NA	Oral wash	A	Tx40	NA	NA	NA	NA	NA	NA
B42	CCAATGGAACTC	CTTGGTCATTTAGAGGAAGTAA	Transplant	Human	FALSE	FALSE	FALSE	TRUE	BAL	A	Tx42	NA	NA	NA	NA	NA	NA
P42	AACCTCGTCAAG	CTTGGTCATTTAGAGGAAGTAA	Transplant	NA	NA	NA	NA	NA	Bronchoscope pre-wash	A	Tx42	NA	NA	NA	NA	NA	NA
OW42	CTGTGGATCGAT	CTTGGTCATTTAGAGGAAGTAA	Transplant	Human	NA	NA	NA	NA	Oral wash	A	Tx42	NA	NA	NA	NA	NA	NA
B43	GTCTGACAGTTG	CTTGGTCATTTAGAGGAAGTAA	Transplant	Human	FALSE	FALSE	FALSE	FALSE	BAL	A	Tx43	NA	NA	NA	NA	NA	NA
P43	AACACTGTCCGA	CTTGGTCATTTAGAGGAAGTAA	Transplant	NA	NA	NA	NA	NA	Bronchoscope pre-wash	A	Tx43	NA	NA	NA	NA	NA	NA
OW43	CACTATGCCGAA	CTTGGTCATTTAGAGGAAGTAA	Transplant	Human	NA	NA	NA	NA	Oral wash	A	Tx43	NA	NA	NA	NA	NA	NA
B44	TTCCGGTATGGA	CTTGGTCATTTAGAGGAAGTAA	Transplant	Human	TRUE	TRUE	FALSE	FALSE	BAL	A	Tx44	Original	NA	NA	NA	NA	NA
Tx44BAL1	CACCAGATTCAG	CTTGGTCATTTAGAGGAAGTAA	Transplant	Human	TRUE	TRUE	FALSE	FALSE	BAL	A	Tx44	ReExtraction1	NA	NA	Reproducibility	NA	NA
Tx44BAL2	AGTTAGTGCGTC	CTTGGTCATTTAGAGGAAGTAA	Transplant	Human	TRUE	TRUE	FALSE	FALSE	BAL	A	Tx44	ReExtraction2	NA	NA	Reproducibility	NA	NA
Tx44BAL3	CGTCACGACTAA	CTTGGTCATTTAGAGGAAGTAA	Transplant	Human	TRUE	TRUE	FALSE	FALSE	BAL	A	Tx44	ReExtraction3	NA	NA	Reproducibility	NA	NA
P44	AGCCGAATTCCA	CTTGGTCATTTAGAGGAAGTAA	Transplant	NA	NA	NA	NA	NA	Bronchoscope pre-wash	A	Tx44	Original	NA	NA	NA	NA	NA
Tx44PreWash	GACTAACGTCAC	CTTGGTCATTTAGAGGAAGTAA	Transplant	NA	NA	NA	NA	NA	Bronchoscope pre-wash	A	Tx44	ReExtraction1	NA	NA	Reproducibility	NA	NA
OW44	ACCGTAATCCAG	CTTGGTCATTTAGAGGAAGTAA	Transplant	Human	NA	NA	NA	NA	Oral wash	A	Tx44	Original	NA	NA	NA	NA	NA
Tx44OW1	TCGACCAGCAAT	CTTGGTCATTTAGAGGAAGTAA	Transplant	Human	NA	NA	NA	NA	Oral wash	A	Tx44	ReExtraction1	NA	NA	Reproducibility	NA	NA
Tx44OW2	ACGTTAGCACAC	CTTGGTCATTTAGAGGAAGTAA	Transplant	Human	NA	NA	NA	NA	Oral wash	A	Tx44	ReExtraction2	NA	NA	Reproducibility	NA	NA
Tx44OW3	CATGTTGGCATG	CTTGGTCATTTAGAGGAAGTAA	Transplant	Human	NA	NA	NA	NA	Oral wash	A	Tx44	ReExtraction3	NA	NA	Reproducibility	NA	NA
B45	ACGTTAGCACAC	CTTGGTCATTTAGAGGAAGTAA	Transplant	Human	FALSE	FALSE	FALSE	TRUE	BAL	A	Tx45	Original	NA	NA	NA	NA	NA
Tx45BAL1	CTACCGGATCAA	CTTGGTCATTTAGAGGAAGTAA	Transplant	Human	FALSE	FALSE	FALSE	TRUE	BAL	A	Tx45	ReExtraction1	NA	NA	Reproducibility	NA	NA
Tx45BAL2	ATAATGCACGCC	CTTGGTCATTTAGAGGAAGTAA	Transplant	Human	FALSE	FALSE	FALSE	TRUE	BAL	A	Tx45	ReExtraction2	NA	NA	Reproducibility	NA	NA
Tx45BAL3	CATTGATGCGGT	CTTGGTCATTTAGAGGAAGTAA	Transplant	Human	FALSE	FALSE	FALSE	TRUE	BAL	A	Tx45	ReExtraction3	NA	NA	Reproducibility	NA	NA
P45	TCCAAGTAAGCC	CTTGGTCATTTAGAGGAAGTAA	Transplant	NA	NA	NA	NA	NA	Bronchoscope pre-wash	A	Tx45	Original	NA	NA	NA	NA	NA
Tx45PreWash	CTAGCGAACATC	CTTGGTCATTTAGAGGAAGTAA	Transplant	NA	NA	NA	NA	NA	Bronchoscope pre-wash	A	Tx45	ReExtraction1	NA	NA	Reproducibility	NA	NA
OW45	CTAGCGAACATC	CTTGGTCATTTAGAGGAAGTAA	Transplant	Human	NA	NA	NA	NA	Oral wash	A	Tx45	Original	NA	NA	NA	NA	NA
Tx45OW1	CCTATGTGATGG	CTTGGTCATTTAGAGGAAGTAA	Transplant	Human	NA	NA	NA	NA	Oral wash	A	Tx45	ReExtraction1	NA	NA	Reproducibility	NA	NA
Tx45OW2	CTGTGTTCAGGA	CTTGGTCATTTAGAGGAAGTAA	Transplant	Human	NA	NA	NA	NA	Oral wash	A	Tx45	ReExtraction2	NA	NA	Reproducibility	NA	NA
Tx45OW3	ACGCAACTGCTA	CTTGGTCATTTAGAGGAAGTAA	Transplant	Human	NA	NA	NA	NA	Oral wash	A	Tx45	ReExtraction3	NA	NA	Reproducibility	NA	NA
B46	CATGTTGGCATG	CTTGGTCATTTAGAGGAAGTAA	Transplant	Human	FALSE	FALSE	FALSE	FALSE	BAL	A	Tx46	NA	NA	NA	NA	NA	NA
P46	ACCTCGATCAGA	CTTGGTCATTTAGAGGAAGTAA	Transplant	NA	NA	NA	NA	NA	Bronchoscope pre-wash	A	Tx46	NA	NA	NA	NA	NA	NA
OW46	CTGGCTGTATGA	CTTGGTCATTTAGAGGAAGTAA	Transplant	Human	NA	NA	NA	NA	Oral wash	A	Tx46	Original	NA	NA	NA	NA	NA
Tx46.OW.65C.ex1	GACTGTCATGCA	CTTGGTCATTTAGAGGAAGTAA	Transplant	Human	NA	NA	NA	NA	Oral wash	A	Tx46	65C 1	NA	65C	PCR comparison	NA	NA
Tx46.OW.65C.ex2	TCAGTGACGTAC	CTTGGTCATTTAGAGGAAGTAA	Transplant	Human	NA	NA	NA	NA	Oral wash	A	Tx46	65C 2	NA	65C	PCR comparison	NA	NA
Tx46.OW.65C.ex3	CAGTGCATATGC	CTTGGTCATTTAGAGGAAGTAA	Transplant	Human	NA	NA	NA	NA	Oral wash	A	Tx46	65C 3	NA	65C	PCR comparison	NA	NA
Tx46.OW.65C95C.ex1	CATGCAGACTGT	CTTGGTCATTTAGAGGAAGTAA	Transplant	Human	NA	NA	NA	NA	Oral wash	A	Tx46	65C+95C 1	NA	65C+95C	PCR comparison	NA	NA
Tx46.OW.65C95C.ex2	CTATCTAGCGAG	CTTGGTCATTTAGAGGAAGTAA	Transplant	Human	NA	NA	NA	NA	Oral wash	A	Tx46	65C+95C 2	NA	65C+95C	PCR comparison	NA	NA
Tx46.OW.65C95C.ex3	ACGTCTGTAGCA	CTTGGTCATTTAGAGGAAGTAA	Transplant	Human	NA	NA	NA	NA	Oral wash	A	Tx46	65C+95C 3	NA	65C+95C	PCR comparison	NA	NA
B47	CCTATGTGATGG	CTTGGTCATTTAGAGGAAGTAA	Transplant	Human	FALSE	FALSE	FALSE	TRUE	BAL	A	Tx47	NA	NA	NA	NA	NA	NA
P47	TGAGGTCTTGAC	CTTGGTCATTTAGAGGAAGTAA	Transplant	NA	NA	NA	NA	NA	Bronchoscope pre-wash	A	Tx47	NA	NA	NA	NA	NA	NA
OW47	AGCCATACTGAC	CTTGGTCATTTAGAGGAAGTAA	Transplant	Human	NA	NA	NA	NA	Oral wash	A	Tx47	NA	NA	NA	NA	NA	NA
B49	ACGCAACTGCTA	CTTGGTCATTTAGAGGAAGTAA	Transplant	Human	FALSE	FALSE	FALSE	TRUE	BAL	A	Tx49	NA	NA	NA	NA	NA	NA
P49	TCACAGATCCGA	CTTGGTCATTTAGAGGAAGTAA	Transplant	NA	NA	NA	NA	NA	Bronchoscope pre-wash	A	Tx49	NA	NA	NA	NA	NA	NA
OW49	TGTCAAGTCGTG	CTTGGTCATTTAGAGGAAGTAA	Transplant	Human	NA	NA	NA	NA	Oral wash	A	Tx49	NA	NA	NA	NA	NA	NA
B5	CGATAACATGCC	CTTGGTCATTTAGAGGAAGTAA	Transplant	Human	FALSE	FALSE	FALSE	TRUE	BAL	A	Tx5	NA	NA	NA	NA	NA	NA
P5	AACACTGTCCGA	CTTGGTCATTTAGAGGAAGTAA	Transplant	NA	NA	NA	NA	NA	Bronchoscope pre-wash	A	Tx5	NA	NA	NA	NA	NA	NA
B6	AAGAACGTCTCC	CTTGGTCATTTAGAGGAAGTAA	Transplant	Human	FALSE	FALSE	TRUE	FALSE	BAL	A	Tx6	NA	NA	NA	NA	NA	NA
P6	AGCCGAATTCCA	CTTGGTCATTTAGAGGAAGTAA	Transplant	NA	NA	NA	NA	NA	Bronchoscope pre-wash	A	Tx6	NA	NA	NA	NA	NA	NA
B7	ACATTCAGCGCA	CTTGGTCATTTAGAGGAAGTAA	Transplant	Human	FALSE	FALSE	FALSE	FALSE	BAL	A	Tx7	NA	NA	NA	NA	NA	NA
P7	GAACTAGTCACC	CTTGGTCATTTAGAGGAAGTAA	Transplant	NA	NA	NA	NA	NA	Bronchoscope pre-wash	A	Tx7	NA	NA	NA	NA	NA	NA
B8	CCAATGGAACTC	CTTGGTCATTTAGAGGAAGTAA	Transplant	Human	FALSE	FALSE	FALSE	FALSE	BAL	A	Tx8	NA	NA	NA	NA	NA	NA
P8	CGAGTCTAGTTG	CTTGGTCATTTAGAGGAAGTAA	Transplant	NA	NA	NA	NA	NA	Bronchoscope pre-wash	A	Tx8	NA	NA	NA	NA	NA	NA
HUP.1A07.prewash	GTGATTAGCACC	CTTGGTCATTTAGAGGAAGTAA	1A	NA	NA	NA	NA	NA	Bronchoscope pre-wash	NA	1A07	NA	NA	NA	NA	NA	NA
HUP.1A07.ow	ATATGCCAGTGC	CTTGGTCATTTAGAGGAAGTAA	1A	Human	NA	NA	NA	NA	Oral wash	NA	1A07	NA	NA	NA	NA	NA	NA
HUP.1A07.BAL.1st.ret	CACCGATTGGTA	CTTGGTCATTTAGAGGAAGTAA	1A	Human	NA	NA	NA	NA	BAL A 1st return	NA	1A07	NA	NA	NA	NA	NA	NA
HUP.1A07.Bal.A	ATGCGAGTATCC	CTTGGTCATTTAGAGGAAGTAA	1A	Human	NA	NA	NA	NA	BAL A 2nd return	NA	1A07	NA	NA	NA	NA	NA	NA
HUP.1A07.Bal.B	TTGACTAGGCCA	CTTGGTCATTTAGAGGAAGTAA	1A	Human	NA	NA	NA	NA	BAL B	NA	1A07	NA	NA	NA	NA	NA	NA
E2B01OW	GTCTGACAGTTG	CTTGGTCATTTAGAGGAAGTAA	2B	Human	NA	NA	NA	NA	Oral wash	NA	2B01	NA	NA	NA	NA	NA	NA
E2B01BAL1stReturn.ReAmp	CCACGCTAATGA	CTTGGTCATTTAGAGGAAGTAA	2B	Human	NA	NA	NA	NA	BAL A 1st return	NA	2B01	NA	NA	NA	NA	NA	NA
E2B01BAL1stReturn	CGAGTCTAGTTG	CTTGGTCATTTAGAGGAAGTAA	2B	Human	NA	NA	NA	NA	BAL A 1st return	NA	2B01	NA	NA	NA	NA	NA	NA
E2B01BALA.ReAmp	TTGCCGAAGTGT	CTTGGTCATTTAGAGGAAGTAA	2B	Human	NA	NA	NA	NA	BAL A 2nd return	NA	2B01	NA	NA	NA	NA	NA	NA
E2B01BALA	TCACAGATCCGA	CTTGGTCATTTAGAGGAAGTAA	2B	Human	NA	NA	NA	NA	BAL A 2nd return	NA	2B01	NA	NA	NA	NA	NA	NA
E2B01PreWash2	CTTGACTGAGGT	CTTGGTCATTTAGAGGAAGTAA	2B	NA	NA	NA	NA	NA	Bronchoscope 2 pre-wash	NA	2B01	NA	NA	NA	NA	NA	NA
E2B02OW	TTCCGGTATGGA	CTTGGTCATTTAGAGGAAGTAA	2B	Human	NA	NA	NA	NA	Oral wash	NA	2B02	NA	NA	NA	NA	NA	NA
E2B02BAL1stReturn.ReAmp	CAAGCATGCCTA	CTTGGTCATTTAGAGGAAGTAA	2B	Human	NA	NA	NA	NA	BAL A 1st return	NA	2B02	NA	NA	NA	NA	NA	NA
E2B02BAL1stReturn	TGACAATCCAGC	CTTGGTCATTTAGAGGAAGTAA	2B	Human	NA	NA	NA	NA	BAL A 1st return	NA	2B02	NA	NA	NA	NA	NA	NA
E2B02BALA	GACTAACGTCAC	CTTGGTCATTTAGAGGAAGTAA	2B	Human	NA	NA	NA	NA	BAL A 2nd return	NA	2B02	NA	NA	NA	NA	NA	NA
E2B02BALB.ReAmp	GGTGAGTTCCTA	CTTGGTCATTTAGAGGAAGTAA	2B	Human	NA	NA	NA	NA	BAL B	NA	2B02	NA	NA	NA	NA	NA	NA
E2B02BALB	CATGTTGGCATG	CTTGGTCATTTAGAGGAAGTAA	2B	Human	NA	NA	NA	NA	BAL B	NA	2B02	NA	NA	NA	NA	NA	NA
E2B02PreWash2	AGCTATCCACGA	CTTGGTCATTTAGAGGAAGTAA	2B	NA	NA	NA	NA	NA	Bronchoscope 2 pre-wash	NA	2B02	NA	NA	NA	NA	NA	NA
E2B05OW	GTCGTGTGTCAA	CTTGGTCATTTAGAGGAAGTAA	2B	Human	NA	NA	NA	NA	Oral wash	NA	2B05	NA	NA	NA	NA	NA	NA
E2B05BAL1stReturn.ReAmp	ATTCCAAGCCGA	CTTGGTCATTTAGAGGAAGTAA	2B	Human	NA	NA	NA	NA	BAL A 1st return	NA	2B05	NA	NA	NA	NA	NA	NA
E2B05BAL1stReturn	TACACACATGGC	CTTGGTCATTTAGAGGAAGTAA	2B	Human	NA	NA	NA	NA	BAL A 1st return	NA	2B05	NA	NA	NA	NA	NA	NA
E2B05BALA	CTAGCGAACATC	CTTGGTCATTTAGAGGAAGTAA	2B	Human	NA	NA	NA	NA	BAL A 2nd return	NA	2B05	NA	NA	NA	NA	NA	NA
E2B05BALB	CCTATGTGATGG	CTTGGTCATTTAGAGGAAGTAA	2B	Human	NA	NA	NA	NA	BAL B	NA	2B05	NA	NA	NA	NA	NA	NA
E2B05PreWash2	AGGATGTTGCTC	CTTGGTCATTTAGAGGAAGTAA	2B	NA	NA	NA	NA	NA	Bronchoscope 2 pre-wash	NA	2B05	NA	NA	NA	NA	NA	NA
E2B06OW	CGAACTCAATGC	CTTGGTCATTTAGAGGAAGTAA	2B	Human	NA	NA	NA	NA	Oral wash	NA	2B06	NA	NA	NA	NA	NA	NA
E2B06BAL1stReturn.ReAmp	CCACGAAGCTAT	CTTGGTCATTTAGAGGAAGTAA	2B	Human	NA	NA	NA	NA	BAL A 1st return	NA	2B06	NA	NA	NA	NA	NA	NA
E2B06BAL1stReturn	AAGAACGTCTCC	CTTGGTCATTTAGAGGAAGTAA	2B	Human	NA	NA	NA	NA	BAL A 1st return	NA	2B06	NA	NA	NA	NA	NA	NA
E2B06BALA	CTGGCTGTATGA	CTTGGTCATTTAGAGGAAGTAA	2B	Human	NA	NA	NA	NA	BAL A 2nd return	NA	2B06	NA	NA	NA	NA	NA	NA
E2B06BALB.ReAmp	TCGTAGAGGCTT	CTTGGTCATTTAGAGGAAGTAA	2B	Human	NA	NA	NA	NA	BAL B	NA	2B06	NA	NA	NA	NA	NA	NA
E2B06BALB	CTGTGTTCAGGA	CTTGGTCATTTAGAGGAAGTAA	2B	Human	NA	NA	NA	NA	BAL B	NA	2B06	NA	NA	NA	NA	NA	NA
E2B06PreWash2	CGATAACATGCC	CTTGGTCATTTAGAGGAAGTAA	2B	NA	NA	NA	NA	NA	Bronchoscope 2 pre-wash	NA	2B06	NA	NA	NA	NA	NA	NA
E2B07OW	TCCAAGTAAGCC	CTTGGTCATTTAGAGGAAGTAA	2B	Human	NA	NA	NA	NA	Oral wash	NA	2B07	NA	NA	NA	NA	NA	NA
E2B07BAL1stReturn.ReAmp	AGCAATTCGACC	CTTGGTCATTTAGAGGAAGTAA	2B	Human	NA	NA	NA	NA	BAL A 1st return	NA	2B07	NA	NA	NA	NA	NA	NA
E2B07BAL1stReturn	CTGTGGATCGAT	CTTGGTCATTTAGAGGAAGTAA	2B	Human	NA	NA	NA	NA	BAL A 1st return	NA	2B07	NA	NA	NA	NA	NA	NA
E2B07BALA	AGCCATACTGAC	CTTGGTCATTTAGAGGAAGTAA	2B	Human	NA	NA	NA	NA	BAL A 2nd return	NA	2B07	NA	NA	NA	NA	NA	NA
E2B07BALB.ReAmp	TAATGACCACGC	CTTGGTCATTTAGAGGAAGTAA	2B	Human	NA	NA	NA	NA	BAL B	NA	2B07	NA	NA	NA	NA	NA	NA
E2B07BALB	ACGCAACTGCTA	CTTGGTCATTTAGAGGAAGTAA	2B	Human	NA	NA	NA	NA	BAL B	NA	2B07	NA	NA	NA	NA	NA	NA
E2B07PreWash2	AACCTCGTCAAG	CTTGGTCATTTAGAGGAAGTAA	2B	NA	NA	NA	NA	NA	Bronchoscope 2 pre-wash	NA	2B07	NA	NA	NA	NA	NA	NA
E2B09OW	ACCTCGATCAGA	CTTGGTCATTTAGAGGAAGTAA	2B	Human	NA	NA	NA	NA	Oral wash	NA	2B09	NA	NA	NA	NA	NA	NA
E2B09BAL1stReturn.ReAmp	CTAGAACGCACT	CTTGGTCATTTAGAGGAAGTAA	2B	Human	NA	NA	NA	NA	BAL A 1st return	NA	2B09	NA	NA	NA	NA	NA	NA
E2B09BAL1stReturn	CACTATGCCGAA	CTTGGTCATTTAGAGGAAGTAA	2B	Human	NA	NA	NA	NA	BAL A 1st return	NA	2B09	NA	NA	NA	NA	NA	NA
E2B09BALA	CACGGACTATAC	CTTGGTCATTTAGAGGAAGTAA	2B	Human	NA	NA	NA	NA	BAL A 2nd return	NA	2B09	NA	NA	NA	NA	NA	NA
E2B09BALB.ReAmp	TTGGTCGGACAT	CTTGGTCATTTAGAGGAAGTAA	2B	Human	NA	NA	NA	NA	BAL B	NA	2B09	NA	NA	NA	NA	NA	NA
E2B09BALB	CTATACCACGGA	CTTGGTCATTTAGAGGAAGTAA	2B	Human	NA	NA	NA	NA	BAL B	NA	2B09	NA	NA	NA	NA	NA	NA
E2B09PreWash2	AACACTGTCCGA	CTTGGTCATTTAGAGGAAGTAA	2B	NA	NA	NA	NA	NA	Bronchoscope 2 pre-wash	NA	2B09	NA	NA	NA	NA	NA	NA
E2B10OW	TGAGGTCTTGAC	CTTGGTCATTTAGAGGAAGTAA	2B	Human	NA	NA	NA	NA	Oral wash	NA	2B10	NA	NA	NA	NA	NA	NA
E2B10BAL1stReturn.ReAmp	ACAACTCGGACT	CTTGGTCATTTAGAGGAAGTAA	2B	Human	NA	NA	NA	NA	BAL A 1st return	NA	2B10	NA	NA	NA	NA	NA	NA
E2B10BAL1stReturn	ACCGTAATCCAG	CTTGGTCATTTAGAGGAAGTAA	2B	Human	NA	NA	NA	NA	BAL A 1st return	NA	2B10	NA	NA	NA	NA	NA	NA
E2B10BALA	TGTCAAGTCGTG	CTTGGTCATTTAGAGGAAGTAA	2B	Human	NA	NA	NA	NA	BAL A 2nd return	NA	2B10	NA	NA	NA	NA	NA	NA
E2B10BALB.ReAmp	CGTCTCAGAACA	CTTGGTCATTTAGAGGAAGTAA	2B	Human	NA	NA	NA	NA	BAL B	NA	2B10	NA	NA	NA	NA	NA	NA
E2B10BALB	GTATAGGTTCGC	CTTGGTCATTTAGAGGAAGTAA	2B	Human	NA	NA	NA	NA	BAL B	NA	2B10	NA	NA	NA	NA	NA	NA
E2B10PreWash2	AGCCGAATTCCA	CTTGGTCATTTAGAGGAAGTAA	2B	NA	NA	NA	NA	NA	Bronchoscope 2 pre-wash	NA	2B10	NA	NA	NA	NA	NA	NA
E2B12OW.ReAmp	GATCCGACACTA	CTTGGTCATTTAGAGGAAGTAA	2B	Human	NA	NA	NA	NA	Oral wash	NA	2B12	NA	NA	NA	NA	NA	NA
E2B12OW	CGTCTCAGAACA	CTTGGTCATTTAGAGGAAGTAA	2B	Human	NA	NA	NA	NA	Oral wash	NA	2B12	NA	NA	NA	NA	NA	NA
E2B12BAL1stReturn.ReAmp	ATCGCCACGTAA	CTTGGTCATTTAGAGGAAGTAA	2B	Human	NA	NA	NA	NA	BAL A 1st return	NA	2B12	NA	NA	NA	NA	NA	NA
E2B12BAL1stReturn	GCTGGTATCTGA	CTTGGTCATTTAGAGGAAGTAA	2B	Human	NA	NA	NA	NA	BAL A 1st return	NA	2B12	NA	NA	NA	NA	NA	NA
E2B12BALA	TCGACCAGCAAT	CTTGGTCATTTAGAGGAAGTAA	2B	Human	NA	NA	NA	NA	BAL A 2nd return	NA	2B12	NA	NA	NA	NA	NA	NA
E2B12BALB	AGTGTTCGATCG	CTTGGTCATTTAGAGGAAGTAA	2B	Human	NA	NA	NA	NA	BAL B	NA	2B12	NA	NA	NA	NA	NA	NA
E2B12PreWash2	GAACTAGTCACC	CTTGGTCATTTAGAGGAAGTAA	2B	NA	NA	NA	NA	NA	Bronchoscope 2 pre-wash	NA	2B12	NA	NA	NA	NA	NA	NA
HUP.3D01.prewash	TATAATGCGCCG	CTTGGTCATTTAGAGGAAGTAA	3D	NA	NA	NA	NA	NA	Bronchoscope pre-wash	NA	3D01	NA	NA	NA	NA	NA	NA
HUP.3D01.ow	AAGGCGCTTATC	CTTGGTCATTTAGAGGAAGTAA	3D	Human	NA	NA	NA	NA	Oral wash	NA	3D01	NA	NA	NA	NA	NA	NA
HUP.3D01.Bal.1st.ret	TAGCTGAGTCCA	CTTGGTCATTTAGAGGAAGTAA	3D	Human	NA	NA	NA	NA	BAL A 1st return	NA	3D01	NA	NA	NA	NA	NA	NA
HUP3D01.BAL.A.2ndReturn	CGATCTTAGGCA	CTTGGTCATTTAGAGGAAGTAA	3D	Human	NA	NA	NA	NA	BAL A 2nd return	NA	3D01	NA	NA	65C+95C	NA	NA	NA
HUP3D01.BAL.B	GAACACTTCTGG	CTTGGTCATTTAGAGGAAGTAA	3D	Human	NA	NA	NA	NA	BAL B	NA	3D01	NA	NA	65C+95C	NA	NA	NA
HUP.3D02.prewash	GCCGTATGAACT	CTTGGTCATTTAGAGGAAGTAA	3D	NA	NA	NA	NA	NA	Bronchoscope pre-wash	NA	3D02	NA	NA	NA	NA	NA	NA
HUP.3D02.ow	GGTTGCACAATC	CTTGGTCATTTAGAGGAAGTAA	3D	Human	NA	NA	NA	NA	Oral wash	NA	3D02	NA	NA	NA	NA	NA	NA
HUP.3D02.Bal.1st.ret	GACTCGAATCGT	CTTGGTCATTTAGAGGAAGTAA	3D	Human	NA	NA	NA	NA	BAL A 1st return	NA	3D02	NA	NA	NA	NA	NA	NA
HUP3D02.BAL.A.2ndReturn	ATGTCACCGTGA	CTTGGTCATTTAGAGGAAGTAA	3D	Human	NA	NA	NA	NA	BAL A 2nd return	NA	3D02	NA	NA	65C+95C	NA	NA	NA
HUP3D02.BAL.B	TACCAGTGGACT	CTTGGTCATTTAGAGGAAGTAA	3D	Human	NA	NA	NA	NA	BAL B	NA	3D02	NA	NA	65C+95C	NA	NA	NA
HUP.3D03.prewash	GTACGAATCCTG	CTTGGTCATTTAGAGGAAGTAA	3D	NA	NA	NA	NA	NA	Bronchoscope pre-wash	NA	3D03	NA	NA	NA	NA	NA	NA
HUP.3D03.ow	AAGTTCGCGCTA	CTTGGTCATTTAGAGGAAGTAA	3D	Human	NA	NA	NA	NA	Oral wash	NA	3D03	NA	NA	NA	NA	NA	NA
HUP.3D03.Bal.1st.ret	CGATGTCGTCAA	CTTGGTCATTTAGAGGAAGTAA	3D	Human	NA	NA	NA	NA	BAL A 1st return	NA	3D03	NA	NA	NA	NA	NA	NA
HUP3D03.BAL.A.2ndReturn	CTACTACAGGTG	CTTGGTCATTTAGAGGAAGTAA	3D	Human	NA	NA	NA	NA	BAL A 2nd return	NA	3D03	NA	NA	65C+95C	NA	NA	NA
HUP3D03.BAL.B	GTGATTAGCACC	CTTGGTCATTTAGAGGAAGTAA	3D	Human	NA	NA	NA	NA	BAL B	NA	3D03	NA	NA	65C+95C	NA	NA	NA
HUP.3D04.ow	CAGGTGCTACTA	CTTGGTCATTTAGAGGAAGTAA	3D	Human	NA	NA	NA	NA	Oral wash	NA	3D04	NA	NA	NA	NA	NA	NA
HUP.3D04.Bal.1st.ret	TACGTTAGAGCC	CTTGGTCATTTAGAGGAAGTAA	3D	Human	NA	NA	NA	NA	BAL A 1st return	NA	3D04	NA	NA	NA	NA	NA	NA
HUP3D04.BAL.A.2ndReturn	GATTACTCGGCA	CTTGGTCATTTAGAGGAAGTAA	3D	Human	NA	NA	NA	NA	BAL A 2nd return	NA	3D04	NA	NA	65C+95C	NA	NA	NA
HUP3D04.BAL.B	ATATGCCAGTGC	CTTGGTCATTTAGAGGAAGTAA	3D	Human	NA	NA	NA	NA	BAL B	NA	3D04	NA	NA	65C+95C	NA	NA	NA
HUP1A09.OW.ITS	GCAGTATCACTG	CTTGGTCATTTAGAGGAAGTAA	1A	Human	NA	NA	NA	NA	Oral wash	NA	1A09	NA	NA	65C+95C	NA	2012-12-18	NA
HUP1A09.BAL.1st.return.ITS	ACTGTACGCGTA	CTTGGTCATTTAGAGGAAGTAA	1A	Human	NA	NA	NA	NA	BAL A 1st return	NA	1A09	NA	NA	65C+95C	NA	2012-12-18	NA
HUP1A09.Bal.A.ITS	CACGTGACATGT	CTTGGTCATTTAGAGGAAGTAA	1A	Human	NA	NA	NA	NA	BAL A 2nd return	NA	1A09	NA	NA	65C+95C	NA	2012-12-18	NA
HUP1A09.Bal.B.ITS	CTCAGTATGCAG	CTTGGTCATTTAGAGGAAGTAA	1A	Human	NA	NA	NA	NA	BAL B	NA	1A09	NA	NA	65C+95C	NA	2012-12-18	NA
HUP1A09.scope.1.postwash.ITS	CGTGTACATCAG	CTTGGTCATTTAGAGGAAGTAA	1A	Human	NA	NA	NA	NA	Bronchoscope 1 post-wash	NA	1A09	NA	NA	65C+95C	NA	2012-12-18	NA
HUP1A09.scope.1.prewash.ITS	ACATGTCACGTG	CTTGGTCATTTAGAGGAAGTAA	1A	NA	NA	NA	NA	NA	Bronchoscope 1 pre-wash	NA	1A09	NA	NA	65C+95C	NA	2012-12-18	NA
HUP1A09.scope.2.prewash.ITS	CTAGTCAGCTGA	CTTGGTCATTTAGAGGAAGTAA	1A	NA	NA	NA	NA	NA	Bronchoscope 2 pre-wash	NA	1A09	NA	NA	65C+95C	NA	2012-12-18	NA
HUP1A10.OW.ITS	CGATCTTAGGCA	CTTGGTCATTTAGAGGAAGTAA	1A	Human	NA	NA	NA	NA	Oral wash	NA	1A10	NA	NA	65C+95C	NA	2013-02-25	NA
HUP1A10.BAL.1st.return.ITS	AGCGAGCTATCT	CTTGGTCATTTAGAGGAAGTAA	1A	Human	NA	NA	NA	NA	BAL A 1st return	NA	1A10	NA	NA	65C+95C	NA	2013-02-25	NA
HUP1A10.Bal.A.ITS	CATGCAGACTGT	CTTGGTCATTTAGAGGAAGTAA	1A	Human	NA	NA	NA	NA	BAL A 2nd return	NA	1A10	NA	NA	65C+95C	NA	2013-02-25	NA
HUP1A10.scope.1.postwash.ITS	AGACTGCGTACT	CTTGGTCATTTAGAGGAAGTAA	1A	Human	NA	NA	NA	NA	Bronchoscope 1 post-wash	NA	1A10	NA	NA	65C+95C	NA	2013-02-25	NA
HUP1A10.scope.1.prewash.ITS	GACTGTCATGCA	CTTGGTCATTTAGAGGAAGTAA	1A	NA	NA	NA	NA	NA	Bronchoscope 1 pre-wash	NA	1A10	NA	NA	65C+95C	NA	2013-02-25	NA
HUP1A10.scope.2.prewash.ITS	CATCAGCGTGTA	CTTGGTCATTTAGAGGAAGTAA	1A	NA	NA	NA	NA	NA	Bronchoscope 2 pre-wash	NA	1A10	NA	NA	65C+95C	NA	2013-02-25	NA
HUP1B02.OW.ITS	ATGTCACCGTGA	CTTGGTCATTTAGAGGAAGTAA	1B	Human	NA	NA	NA	NA	Oral wash	NA	1B02	NA	NA	65C+95C	NA	2012-10-16	NA
HUP1B02.BAL.1st.return.ITS	ATGTGCACGACT	CTTGGTCATTTAGAGGAAGTAA	1B	Human	NA	NA	NA	NA	BAL A 1st return	NA	1B02	NA	NA	65C+95C	NA	2012-10-16	NA
HUP1B02.scope.1.postwash.ITS	GCTATCACGAGT	CTTGGTCATTTAGAGGAAGTAA	1B	Human	NA	NA	NA	NA	Bronchoscope 1 post-wash	NA	1B02	NA	NA	65C+95C	NA	2012-10-16	NA
HUP1B02.scope.1.prewash.ITS	TCAGTGACGTAC	CTTGGTCATTTAGAGGAAGTAA	1B	NA	NA	NA	NA	NA	Bronchoscope 1 pre-wash	NA	1B02	NA	NA	65C+95C	NA	2012-10-16	NA
HUP1B02.scope.2.prewash.ITS	ATGCAGCTCAGT	CTTGGTCATTTAGAGGAAGTAA	1B	NA	NA	NA	NA	NA	Bronchoscope 2 pre-wash	NA	1B02	NA	NA	65C+95C	NA	2012-10-16	NA
HUP1B03.OW.ITS	CTACTACAGGTG	CTTGGTCATTTAGAGGAAGTAA	1B	Human	NA	NA	NA	NA	Oral wash	NA	1B03	NA	NA	65C+95C	NA	2012-05-30	NA
HUP1B03.BAL.1st.return.ITS	AGCTGACTAGTC	CTTGGTCATTTAGAGGAAGTAA	1B	Human	NA	NA	NA	NA	BAL A 1st return	NA	1B03	NA	NA	65C+95C	NA	2012-05-30	NA
HUP1B03.Bal.A.ITS	CTATCTAGCGAG	CTTGGTCATTTAGAGGAAGTAA	1B	Human	NA	NA	NA	NA	BAL A 2nd return	NA	1B03	NA	NA	65C+95C	NA	2012-05-30	NA
HUP1B03.Bal.B.ITS	CATCTGTAGCGA	CTTGGTCATTTAGAGGAAGTAA	1B	Human	NA	NA	NA	NA	BAL B	NA	1B03	NA	NA	65C+95C	NA	2012-05-30	NA
HUP1B03.scope.1.postwash.ITS	TACTGCGACAGT	CTTGGTCATTTAGAGGAAGTAA	1B	Human	NA	NA	NA	NA	Bronchoscope 1 post-wash	NA	1B03	NA	NA	65C+95C	NA	2012-05-30	NA
HUP1B03.scope.1.prewash.ITS	CAGTGCATATGC	CTTGGTCATTTAGAGGAAGTAA	1B	NA	NA	NA	NA	NA	Bronchoscope 1 pre-wash	NA	1B03	NA	NA	65C+95C	NA	2012-05-30	NA
HUP1B03.scope.2.prewash.ITS	CATGAGTGCTAC	CTTGGTCATTTAGAGGAAGTAA	1B	NA	NA	NA	NA	NA	Bronchoscope 2 pre-wash	NA	1B03	NA	NA	65C+95C	NA	2012-05-30	NA
HUP1B07.OW.ITS	GATTACTCGGCA	CTTGGTCATTTAGAGGAAGTAA	1B	Human	NA	NA	NA	NA	Oral wash	NA	1B07	NA	NA	65C+95C	NA	2013-01-29	NA
HUP1B07.BAL.1st.return.ITS	TAGCGACATCTG	CTTGGTCATTTAGAGGAAGTAA	1B	Human	NA	NA	NA	NA	BAL A 1st return	NA	1B07	NA	NA	65C+95C	NA	2013-01-29	NA
HUP1B07.Bal.A.ITS	ACGTCTGTAGCA	CTTGGTCATTTAGAGGAAGTAA	1B	Human	NA	NA	NA	NA	BAL A 2nd return	NA	1B07	NA	NA	65C+95C	NA	2013-01-29	NA
HUP1B07.Bal.B.ITS	ACGAGTGCTATC	CTTGGTCATTTAGAGGAAGTAA	1B	Human	NA	NA	NA	NA	BAL B	NA	1B07	NA	NA	65C+95C	NA	2013-01-29	NA
HUP1B07.scope.1.postwash.ITS	CGTACTAGACTG	CTTGGTCATTTAGAGGAAGTAA	1B	Human	NA	NA	NA	NA	Bronchoscope 1 post-wash	NA	1B07	NA	NA	65C+95C	NA	2013-01-29	NA
HUP1B07.scope.1.prewash.ITS	ACGTACTCAGTG	CTTGGTCATTTAGAGGAAGTAA	1B	NA	NA	NA	NA	NA	Bronchoscope 1 pre-wash	NA	1B07	NA	NA	65C+95C	NA	2013-01-29	NA
HUP1B07.scope.2.prewash.ITS	ACGACTATGTGC	CTTGGTCATTTAGAGGAAGTAA	1B	NA	NA	NA	NA	NA	Bronchoscope 2 pre-wash	NA	1B07	NA	NA	65C+95C	NA	2013-01-29	NA
HUP3C04.OW.day1	GAGCCTTACATG	CTTGGTCATTTAGAGGAAGTAA	3C	Human	NA	NA	NA	NA	Oral wash	NA	3C04	NA	NA	65C+95C	CaFE URT	07-06-2010	1
HUP3C05.OW.day1	AAGGCGCTTATC	CTTGGTCATTTAGAGGAAGTAA	3C	Human	NA	NA	NA	NA	Oral wash	NA	3C05	NA	NA	65C+95C	CaFE URT	07-06-2010	1
HUP3C06.OW.day1	CGATGTCGTCAA	CTTGGTCATTTAGAGGAAGTAA	3C	Human	NA	NA	NA	NA	Oral wash	NA	3C06	NA	NA	65C+95C	CaFE URT	08-02-2010	1
HUP3C07.OW.day1	TGCACGCAATTG	CTTGGTCATTTAGAGGAAGTAA	3C	Human	NA	NA	NA	NA	Oral wash	NA	3C07	NA	NA	65C+95C	CaFE URT	08-02-2010	1
HUP3D05.Scope.Prewash	ACTGTACGCGTA	CTTGGTCATTTAGAGGAAGTAA	3D	NA	NA	NA	NA	NA	Bronchoscope pre-wash	NA	3D05	NA	NA	65C+95C	NA	NA	NA
HUP3D05.OW	TAGCGACATCTG	CTTGGTCATTTAGAGGAAGTAA	3D	Human	NA	NA	NA	NA	Oral wash	NA	3D05	NA	NA	65C+95C	NA	NA	NA
HUP3D05.BAL.A.1stReturn	ATGTGCACGACT	CTTGGTCATTTAGAGGAAGTAA	3D	Human	NA	NA	NA	NA	BAL A 1st return	NA	3D05	NA	NA	65C+95C	NA	NA	NA
HUP3D05.BAL.A.2ndReturn	CCGCAGGTATAT	CTTGGTCATTTAGAGGAAGTAA	3D	Human	NA	NA	NA	NA	BAL A 2nd return	NA	3D05	NA	NA	65C+95C	NA	NA	NA
HUP3D05.BAL.B	CACCGATTGGTA	CTTGGTCATTTAGAGGAAGTAA	3D	Human	NA	NA	NA	NA	BAL B	NA	3D05	NA	NA	65C+95C	NA	NA	NA
HUP3D06.Scope.Prewash	AGCGAGCTATCT	CTTGGTCATTTAGAGGAAGTAA	3D	NA	NA	NA	NA	NA	Bronchoscope pre-wash	NA	3D06	NA	NA	65C+95C	NA	NA	NA
HUP3D06.OW	GCAGTATCACTG	CTTGGTCATTTAGAGGAAGTAA	3D	Human	NA	NA	NA	NA	Oral wash	NA	3D06	NA	NA	65C+95C	NA	NA	NA
HUP3D06.BAL.A.1stReturn	AGCTGACTAGTC	CTTGGTCATTTAGAGGAAGTAA	3D	Human	NA	NA	NA	NA	BAL A 1st return	NA	3D06	NA	NA	65C+95C	NA	NA	NA
HUP3D06.BAL.A.2ndReturn	TCGAGCGAATCT	CTTGGTCATTTAGAGGAAGTAA	3D	Human	NA	NA	NA	NA	BAL A 2nd return	NA	3D06	NA	NA	65C+95C	NA	NA	NA
HUP3D06.BAL.B	ATGCGAGTATCC	CTTGGTCATTTAGAGGAAGTAA	3D	Human	NA	NA	NA	NA	BAL B	NA	3D06	NA	NA	65C+95C	NA	NA	NA
Pulm1BAL	ATCCGATCACAG	CTTGGTCATTTAGAGGAAGTAA	Pulm	Human	NA	NA	NA	NA	BAL	NA	Pulm1	NA	NA	NA	NA	NA	NA
Pulm1PreWash	TTGGTCGGACAT	CTTGGTCATTTAGAGGAAGTAA	Pulm	NA	NA	NA	NA	NA	Bronchoscope pre-wash	NA	Pulm1	NA	NA	NA	NA	NA	NA
Pulm1OW	TACAGCAATCCG	CTTGGTCATTTAGAGGAAGTAA	Pulm	Human	NA	NA	NA	NA	Oral wash	NA	Pulm1	NA	NA	NA	NA	NA	NA
Pulm10.BAL	CACGGACTATAC	CTTGGTCATTTAGAGGAAGTAA	Pulm	Human	NA	NA	NA	NA	BAL	NA	Pulm10	NA	NA	65C+95C	NA	NA	NA
Pulm10.OW	CCTATGTGATGG	CTTGGTCATTTAGAGGAAGTAA	Pulm	Human	NA	NA	NA	NA	Oral wash	NA	Pulm10	NA	NA	65C+95C	NA	NA	NA
Pulm11.BAL	TGTCAAGTCGTG	CTTGGTCATTTAGAGGAAGTAA	Pulm	Human	NA	NA	NA	NA	BAL	NA	Pulm11	NA	NA	65C+95C	NA	NA	NA
Pulm11.OW	CTGTGTTCAGGA	CTTGGTCATTTAGAGGAAGTAA	Pulm	Human	NA	NA	NA	NA	Oral wash	NA	Pulm11	NA	NA	65C+95C	NA	NA	NA
Pulm12.BAL	TCGACCAGCAAT	CTTGGTCATTTAGAGGAAGTAA	Pulm	Human	NA	NA	NA	NA	BAL	NA	Pulm12	NA	NA	65C+95C	NA	NA	NA
Pulm12.OW	ACGCAACTGCTA	CTTGGTCATTTAGAGGAAGTAA	Pulm	Human	NA	NA	NA	NA	Oral wash	NA	Pulm12	NA	NA	65C+95C	NA	NA	NA
Pulm13.BAL	ACGTTAGCACAC	CTTGGTCATTTAGAGGAAGTAA	Pulm	Human	NA	NA	NA	NA	BAL	NA	Pulm13	NA	NA	65C+95C	NA	NA	NA
Pulm13.OW	CTATACCACGGA	CTTGGTCATTTAGAGGAAGTAA	Pulm	Human	NA	NA	NA	NA	Oral wash	NA	Pulm13	NA	NA	65C+95C	NA	NA	NA
Pulm2BAL	TGCGGTCATTGA	CTTGGTCATTTAGAGGAAGTAA	Pulm	Human	NA	NA	NA	NA	BAL	NA	Pulm2	NA	NA	NA	NA	NA	NA
Pulm2PreWash	GCCTAAGAACCT	CTTGGTCATTTAGAGGAAGTAA	Pulm	NA	NA	NA	NA	NA	Bronchoscope pre-wash	NA	Pulm2	NA	NA	NA	NA	NA	NA
Pulm2OW	CGAATCGACACT	CTTGGTCATTTAGAGGAAGTAA	Pulm	Human	NA	NA	NA	NA	Oral wash	NA	Pulm2	NA	NA	NA	NA	NA	NA
Pulm3BAL	ATTCCAAGCCGA	CTTGGTCATTTAGAGGAAGTAA	Pulm	Human	NA	NA	NA	NA	BAL	NA	Pulm3	NA	NA	NA	NA	NA	NA
Pulm3PreWash	CCACGCTAATGA	CTTGGTCATTTAGAGGAAGTAA	Pulm	NA	NA	NA	NA	NA	Bronchoscope pre-wash	NA	Pulm3	NA	NA	NA	NA	NA	NA
Pulm3OW	CAAGCATGCCTA	CTTGGTCATTTAGAGGAAGTAA	Pulm	Human	NA	NA	NA	NA	Oral wash	NA	Pulm3	NA	NA	NA	NA	NA	NA
Pulm4BAL	GATCAACTACCG	CTTGGTCATTTAGAGGAAGTAA	Pulm	Human	NA	NA	NA	NA	BAL	NA	Pulm4	NA	NA	NA	NA	NA	NA
Pulm4PreWash	GAGTACTGGTTC	CTTGGTCATTTAGAGGAAGTAA	Pulm	NA	NA	NA	NA	NA	Bronchoscope pre-wash	NA	Pulm4	NA	NA	NA	NA	NA	NA
Pulm4OW	GGTAATCCTGTG	CTTGGTCATTTAGAGGAAGTAA	Pulm	Human	NA	NA	NA	NA	Oral wash	NA	Pulm4	NA	NA	NA	NA	NA	NA
Pulm5BAL1	CCGAATGCACTA	CTTGGTCATTTAGAGGAAGTAA	Pulm	Human	FALSE	FALSE	FALSE	FALSE	BAL	NA	Pulm5	ReExtraction1	NA	NA	Reproducibility	NA	NA
Pulm5BAL2	ATCCGATCACAG	CTTGGTCATTTAGAGGAAGTAA	Pulm	Human	FALSE	FALSE	FALSE	FALSE	BAL	NA	Pulm5	ReExtraction2	NA	NA	Reproducibility	NA	NA
Pulm5BAL3	TGCGGTCATTGA	CTTGGTCATTTAGAGGAAGTAA	Pulm	Human	FALSE	FALSE	FALSE	FALSE	BAL	NA	Pulm5	ReExtraction3	NA	NA	Reproducibility	NA	NA
Pulm5BAL	CCATGCGATAAC	CTTGGTCATTTAGAGGAAGTAA	Pulm	Human	FALSE	FALSE	FALSE	FALSE	BAL	NA	Pulm5	Original	NA	NA	NA	NA	NA
Pulm5PreWash1	GCCTAAGAACCT	CTTGGTCATTTAGAGGAAGTAA	Pulm	NA	NA	NA	NA	NA	Bronchoscope pre-wash	NA	Pulm5	ReExtraction1	NA	NA	Reproducibility	NA	NA
Pulm5PreWash	AGCTCCATACAG	CTTGGTCATTTAGAGGAAGTAA	Pulm	NA	NA	NA	NA	NA	Bronchoscope pre-wash	NA	Pulm5	Original	NA	NA	NA	NA	NA
Pulm5OW1	AGCTCCATACAG	CTTGGTCATTTAGAGGAAGTAA	Pulm	Human	NA	NA	NA	NA	Oral wash	NA	Pulm5	ReExtraction1	NA	NA	Reproducibility	NA	NA
Pulm5OW2	AATGCGCATCCA	CTTGGTCATTTAGAGGAAGTAA	Pulm	Human	NA	NA	NA	NA	Oral wash	NA	Pulm5	ReExtraction2	NA	NA	Reproducibility	NA	NA
Pulm5OW3	TACAGCAATCCG	CTTGGTCATTTAGAGGAAGTAA	Pulm	Human	NA	NA	NA	NA	Oral wash	NA	Pulm5	ReExtraction3	NA	NA	Reproducibility	NA	NA
Pulm5OW	CCTAAGCACATG	CTTGGTCATTTAGAGGAAGTAA	Pulm	Human	NA	NA	NA	NA	Oral wash	NA	Pulm5	Original	NA	NA	NA	NA	NA
Pulm6BAL1	GGCTTGTACTAG	CTTGGTCATTTAGAGGAAGTAA	Pulm	Human	FALSE	TRUE	FALSE	FALSE	BAL	NA	Pulm6	ReExtraction1	NA	NA	Reproducibility	NA	NA
Pulm6BAL2	CGGACTACAACT	CTTGGTCATTTAGAGGAAGTAA	Pulm	Human	FALSE	TRUE	FALSE	FALSE	BAL	NA	Pulm6	ReExtraction2	NA	NA	Reproducibility	NA	NA
Pulm6BAL3	TATGGATTCCGG	CTTGGTCATTTAGAGGAAGTAA	Pulm	Human	FALSE	TRUE	FALSE	FALSE	BAL	NA	Pulm6	ReExtraction3	NA	NA	Reproducibility	NA	NA
Pulm6BAL	TGATGTGTGACC	CTTGGTCATTTAGAGGAAGTAA	Pulm	Human	FALSE	TRUE	FALSE	FALSE	BAL	NA	Pulm6	Original	NA	NA	NA	NA	NA
Pulm6PreWash1	TCACAGATCCGA	CTTGGTCATTTAGAGGAAGTAA	Pulm	NA	NA	NA	NA	NA	Bronchoscope pre-wash	NA	Pulm6	ReExtraction1	NA	NA	Reproducibility	NA	NA
Pulm6PreWash	AATGCGCATCCA	CTTGGTCATTTAGAGGAAGTAA	Pulm	NA	NA	NA	NA	NA	Bronchoscope pre-wash	NA	Pulm6	Original	NA	NA	NA	NA	NA
Pulm6OW1	AGCCATACTGAC	CTTGGTCATTTAGAGGAAGTAA	Pulm	Human	NA	NA	NA	NA	Oral wash	NA	Pulm6	ReExtraction1	NA	NA	Reproducibility	NA	NA
Pulm6OW2	CACGGACTATAC	CTTGGTCATTTAGAGGAAGTAA	Pulm	Human	NA	NA	NA	NA	Oral wash	NA	Pulm6	ReExtraction2	NA	NA	Reproducibility	NA	NA
Pulm6OW3	TGTCAAGTCGTG	CTTGGTCATTTAGAGGAAGTAA	Pulm	Human	NA	NA	NA	NA	Oral wash	NA	Pulm6	ReExtraction3	NA	NA	Reproducibility	NA	NA
Pulm6OW	CCGAATGCACTA	CTTGGTCATTTAGAGGAAGTAA	Pulm	Human	NA	NA	NA	NA	Oral wash	NA	Pulm6	Original	NA	NA	NA	NA	NA
Pulm7.BAL	CTAGCGAACATC	CTTGGTCATTTAGAGGAAGTAA	Pulm	Human	NA	NA	NA	NA	BAL	NA	Pulm7	NA	NA	65C+95C	NA	NA	NA
Pulm7.OW	CATGTTGGCATG	CTTGGTCATTTAGAGGAAGTAA	Pulm	Human	NA	NA	NA	NA	Oral wash	NA	Pulm7	NA	NA	65C+95C	NA	NA	NA
Pulm8.BAL	CTGGCTGTATGA	CTTGGTCATTTAGAGGAAGTAA	Pulm	Human	NA	NA	NA	NA	BAL	NA	Pulm8	NA	NA	65C+95C	NA	NA	NA
Pulm9.BAL	AGCCATACTGAC	CTTGGTCATTTAGAGGAAGTAA	Pulm	Human	NA	NA	NA	NA	BAL	NA	Pulm9	NA	NA	65C+95C	NA	NA	NA
E1A01OW	TTCCGGTATGGA	CTTGGTCATTTAGAGGAAGTAA	1A	Human	NA	NA	NA	NA	Oral wash	NA	1A01	NA	NA	NA	NA	NA	NA
E1A01BAL1stReturn	AACACTGTCCGA	CTTGGTCATTTAGAGGAAGTAA	1A	Human	NA	NA	NA	NA	BAL A 1st return	NA	1A01	NA	NA	NA	NA	NA	NA
E1A01BALA	TACACACATGGC	CTTGGTCATTTAGAGGAAGTAA	1A	Human	NA	NA	NA	NA	BAL A 2nd return	NA	1A01	NA	NA	NA	NA	NA	NA
E1A01BALB	CGATAACATGCC	CTTGGTCATTTAGAGGAAGTAA	1A	Human	NA	NA	NA	NA	BAL B	NA	1A01	NA	NA	NA	NA	NA	NA
E1A01PreWash2	TGCGCTTGGATA	CTTGGTCATTTAGAGGAAGTAA	1A	NA	NA	NA	NA	NA	Bronchoscope 2 pre-wash	NA	1A01	NA	NA	NA	NA	NA	NA
E1A02OW	GTCGTGTGTCAA	CTTGGTCATTTAGAGGAAGTAA	1A	Human	NA	NA	NA	NA	Oral wash	NA	1A02	NA	NA	NA	NA	NA	NA
E1A02BAL1stReturn	AGCCGAATTCCA	CTTGGTCATTTAGAGGAAGTAA	1A	Human	NA	NA	NA	NA	BAL A 1st return	NA	1A02	NA	NA	NA	NA	NA	NA
E1A02BALA	CTGTGGATCGAT	CTTGGTCATTTAGAGGAAGTAA	1A	Human	NA	NA	NA	NA	BAL A 2nd return	NA	1A02	NA	NA	NA	NA	NA	NA
E1A02BALB	AAGAACGTCTCC	CTTGGTCATTTAGAGGAAGTAA	1A	Human	NA	NA	NA	NA	BAL B	NA	1A02	NA	NA	NA	NA	NA	NA
E1A02PreWash2	CTTGACTGAGGT	CTTGGTCATTTAGAGGAAGTAA	1A	NA	NA	NA	NA	NA	Bronchoscope 2 pre-wash	NA	1A02	NA	NA	NA	NA	NA	NA
E1A03OW	CGAACTCAATGC	CTTGGTCATTTAGAGGAAGTAA	1A	Human	NA	NA	NA	NA	Oral wash	NA	1A03	NA	NA	NA	NA	NA	NA
E1A03BAL1stReturn	GAACTAGTCACC	CTTGGTCATTTAGAGGAAGTAA	1A	Human	NA	NA	NA	NA	BAL A 1st return	NA	1A03	NA	NA	NA	NA	NA	NA
E1A03BALA	CACTATGCCGAA	CTTGGTCATTTAGAGGAAGTAA	1A	Human	NA	NA	NA	NA	BAL A 2nd return	NA	1A03	NA	NA	NA	NA	NA	NA
E1A03BALB	ACATTCAGCGCA	CTTGGTCATTTAGAGGAAGTAA	1A	Human	NA	NA	NA	NA	BAL B	NA	1A03	NA	NA	NA	NA	NA	NA
E1A03PreWash2	AGCTATCCACGA	CTTGGTCATTTAGAGGAAGTAA	1A	NA	NA	NA	NA	NA	Bronchoscope 2 pre-wash	NA	1A03	NA	NA	NA	NA	NA	NA
E1A05OW	TCCAAGTAAGCC	CTTGGTCATTTAGAGGAAGTAA	1A	Human	NA	NA	NA	NA	Oral wash	NA	1A05	NA	NA	NA	NA	NA	NA
E1A05BAL1stReturn	CGAGTCTAGTTG	CTTGGTCATTTAGAGGAAGTAA	1A	Human	NA	NA	NA	NA	BAL A 1st return	NA	1A05	NA	NA	NA	NA	NA	NA
E1A05BALA	ACCGTAATCCAG	CTTGGTCATTTAGAGGAAGTAA	1A	Human	NA	NA	NA	NA	BAL A 2nd return	NA	1A05	NA	NA	NA	NA	NA	NA
E1A05BALB	CCAATGGAACTC	CTTGGTCATTTAGAGGAAGTAA	1A	Human	NA	NA	NA	NA	BAL B	NA	1A05	NA	NA	NA	NA	NA	NA
E1A05PreWash2	AGGATGTTGCTC	CTTGGTCATTTAGAGGAAGTAA	1A	NA	NA	NA	NA	NA	Bronchoscope 2 pre-wash	NA	1A05	NA	NA	NA	NA	NA	NA
E1A06OW	ACCTCGATCAGA	CTTGGTCATTTAGAGGAAGTAA	1A	Human	NA	NA	NA	NA	Oral wash	NA	1A06	NA	NA	NA	NA	NA	NA
E1A06BAL1stReturn	TGACAATCCAGC	CTTGGTCATTTAGAGGAAGTAA	1A	Human	NA	NA	NA	NA	BAL A 1st return	NA	1A06	NA	NA	NA	NA	NA	NA
E1A06BALA	GCTGGTATCTGA	CTTGGTCATTTAGAGGAAGTAA	1A	Human	NA	NA	NA	NA	BAL A 2nd return	NA	1A06	NA	NA	NA	NA	NA	NA
E1A06BALB	GTCTGACAGTTG	CTTGGTCATTTAGAGGAAGTAA	1A	Human	NA	NA	NA	NA	BAL B	NA	1A06	NA	NA	NA	NA	NA	NA
E1A06PreWash2	AACCTCGTCAAG	CTTGGTCATTTAGAGGAAGTAA	1A	NA	NA	NA	NA	NA	Bronchoscope 2 pre-wash	NA	1A06	NA	NA	NA	NA	NA	NA
h2o.7.25	GTCACCGAACTA	CTTGGTCATTTAGAGGAAGTAA	NA	NA	NA	NA	NA	NA	Water	NA	NA	NA	NA	NA	NA	NA	NA
h2o.7.26	CGAACTCAATGC	CTTGGTCATTTAGAGGAAGTAA	NA	NA	NA	NA	NA	NA	Water	NA	NA	NA	NA	NA	NA	NA	NA
h2o.7.27	CGGACTACAACT	CTTGGTCATTTAGAGGAAGTAA	NA	NA	NA	NA	NA	NA	Water	NA	NA	NA	NA	NA	NA	NA	NA
h2o.7.28	TCGTAGAGGCTT	CTTGGTCATTTAGAGGAAGTAA	NA	NA	NA	NA	NA	NA	Water	NA	NA	NA	NA	NA	NA	NA	NA
h2o.8.1	CGAACTCAATGC	CTTGGTCATTTAGAGGAAGTAA	NA	NA	NA	NA	NA	NA	Water	NA	NA	NA	NA	NA	NA	NA	NA
h2o.8.2	AATGCGCATCCA	CTTGGTCATTTAGAGGAAGTAA	NA	NA	NA	NA	NA	NA	Water	NA	NA	NA	NA	NA	NA	NA	NA
water11.17	GTCACCGAACTA	CTTGGTCATTTAGAGGAAGTAA	NA	NA	NA	NA	NA	NA	Water	NA	NA	NA	NA	NA	NA	NA	NA
water11.22	TGAGGTCTTGAC	CTTGGTCATTTAGAGGAAGTAA	NA	NA	NA	NA	NA	NA	Water	NA	NA	NA	NA	NA	NA	NA	NA
water10.31	GTCACCGAACTA	CTTGGTCATTTAGAGGAAGTAA	NA	NA	NA	NA	NA	NA	Water	NA	NA	NA	NA	NA	NA	NA	NA
water11.1	ACATTCAGCGCA	CTTGGTCATTTAGAGGAAGTAA	NA	NA	NA	NA	NA	NA	Water	NA	NA	NA	NA	NA	NA	NA	NA
water11.2	ACGTTAGCACAC	CTTGGTCATTTAGAGGAAGTAA	NA	NA	NA	NA	NA	NA	Water	NA	NA	NA	NA	NA	NA	NA	NA
water11.3	CTACCGGATCAA	CTTGGTCATTTAGAGGAAGTAA	NA	NA	NA	NA	NA	NA	Water	NA	NA	NA	NA	NA	NA	NA	NA
water.control.control	ACAATCGGTTGC	CTTGGTCATTTAGAGGAAGTAA	NA	NA	NA	NA	NA	NA	Water	NA	NA	NA	NA	NA	NA	NA	NA
water.extract2.control.control	CATCAGCGTGTA	CTTGGTCATTTAGAGGAAGTAA	NA	NA	NA	NA	NA	NA	Water	NA	NA	NA	NA	NA	NA	NA	NA
Water.65C.ex1	ACGTACTCAGTG	CTTGGTCATTTAGAGGAAGTAA	NA	NA	NA	NA	NA	NA	Water	NA	NA	NA	NA	65C	NA	NA	NA
Water.65C95C.ex2	CTCAGTATGCAG	CTTGGTCATTTAGAGGAAGTAA	NA	NA	NA	NA	NA	NA	Water	NA	NA	NA	NA	65C+95C	NA	NA	NA
Water.65C95C.ex3	GACTAACGTCAC	CTTGGTCATTTAGAGGAAGTAA	NA	NA	NA	NA	NA	NA	Water	NA	NA	NA	NA	65C+95C	NA	NA	NA
Water.65C95C.ex4	GAAGCTACTGTC	CTTGGTCATTTAGAGGAAGTAA	NA	NA	NA	NA	NA	NA	Water	NA	NA	NA	NA	65C+95C	NA	NA	NA
sal.7.25	TGCGCTTGGATA	CTTGGTCATTTAGAGGAAGTAA	NA	NA	NA	NA	NA	NA	Saline	NA	NA	NA	NA	NA	NA	NA	NA
sal.7.26	TCCAAGTAAGCC	CTTGGTCATTTAGAGGAAGTAA	NA	NA	NA	NA	NA	NA	Saline	NA	NA	NA	NA	NA	NA	NA	NA
sal.7.27	TATGGATTCCGG	CTTGGTCATTTAGAGGAAGTAA	NA	NA	NA	NA	NA	NA	Saline	NA	NA	NA	NA	NA	NA	NA	NA
sal.7.28	GTCACCGAACTA	CTTGGTCATTTAGAGGAAGTAA	NA	NA	NA	NA	NA	NA	Saline	NA	NA	NA	NA	NA	NA	NA	NA
sal.8.1	GTATAGGTTCGC	CTTGGTCATTTAGAGGAAGTAA	NA	NA	NA	NA	NA	NA	Saline	NA	NA	NA	NA	NA	NA	NA	NA
sal.8.2	TACAGCAATCCG	CTTGGTCATTTAGAGGAAGTAA	NA	NA	NA	NA	NA	NA	Saline	NA	NA	NA	NA	NA	NA	NA	NA
saline10.31	TGCGCTTGGATA	CTTGGTCATTTAGAGGAAGTAA	NA	NA	NA	NA	NA	NA	Saline	NA	NA	NA	NA	NA	NA	NA	NA
saline11.1	CCAATGGAACTC	CTTGGTCATTTAGAGGAAGTAA	NA	NA	NA	NA	NA	NA	Saline	NA	NA	NA	NA	NA	NA	NA	NA
Blank.1.3.19.13	CCGCAGGTATAT	CTTGGTCATTTAGAGGAAGTAA	NA	NA	NA	NA	NA	NA	PCR water	NA	NA	NA	NA	65C+95C	NA	NA	NA
Blank.2.3.19.13	TCGAGCGAATCT	CTTGGTCATTTAGAGGAAGTAA	NA	NA	NA	NA	NA	NA	PCR water	NA	NA	NA	NA	65C+95C	NA	NA	NA
Blank.4.3.22.13	GAACACTTCTGG	CTTGGTCATTTAGAGGAAGTAA	NA	NA	NA	NA	NA	NA	PCR water	NA	NA	NA	NA	65C+95C	NA	NA	NA
Blank.5.3.22.13	TACCAGTGGACT	CTTGGTCATTTAGAGGAAGTAA	NA	NA	NA	NA	NA	NA	PCR water	NA	NA	NA	NA	65C+95C	NA	NA	NA
Room.14.1.control.control	AATGCGCATCCA	CTTGGTCATTTAGAGGAAGTAA	NA	NA	NA	NA	NA	NA	Room	NA	NA	NA	NA	NA	NA	NA	NA
Room.14.2.control.control	CCTAAGCACATG	CTTGGTCATTTAGAGGAAGTAA	NA	NA	NA	NA	NA	NA	Room	NA	NA	NA	NA	NA	NA	NA	NA
Room.15.1.control.control	CCGAATGCACTA	CTTGGTCATTTAGAGGAAGTAA	NA	NA	NA	NA	NA	NA	Room	NA	NA	NA	NA	NA	NA	NA	NA
Room.15.2.control.control	ATCCGATCACAG	CTTGGTCATTTAGAGGAAGTAA	NA	NA	NA	NA	NA	NA	Room	NA	NA	NA	NA	NA	NA	NA	NA
Room.15.control.control	TACAGCAATCCG	CTTGGTCATTTAGAGGAAGTAA	NA	NA	NA	NA	NA	NA	Room	NA	NA	NA	NA	NA	NA	NA	NA
Room.17.1.control.control	CGAATCGACACT	CTTGGTCATTTAGAGGAAGTAA	NA	NA	NA	NA	NA	NA	Room	NA	NA	NA	NA	NA	NA	NA	NA
Room.17.2.control.control	TGCGGTCATTGA	CTTGGTCATTTAGAGGAAGTAA	NA	NA	NA	NA	NA	NA	Room	NA	NA	NA	NA	NA	NA	NA	NA
Room.18.control.control	GGTAATCCTGTG	CTTGGTCATTTAGAGGAAGTAA	NA	NA	NA	NA	NA	NA	Room	NA	NA	NA	NA	NA	NA	NA	NA
sec.control.control	TAAGGCCTATCG	CTTGGTCATTTAGAGGAAGTAA	NA	NA	NA	NA	NA	NA	Sec	NA	NA	NA	NA	NA	NA	NA	NA
sterile.swab.1.control.control	GATCAACTACCG	CTTGGTCATTTAGAGGAAGTAA	NA	NA	NA	NA	NA	NA	Sterile swab	NA	NA	NA	NA	NA	NA	NA	NA
sterile.swab.2.control.control	CCATGCGATAAC	CTTGGTCATTTAGAGGAAGTAA	NA	NA	NA	NA	NA	NA	Sterile swab	NA	NA	NA	NA	NA	NA	NA	NA
sterile.swab.3.control.control	TGATGTGTGACC	CTTGGTCATTTAGAGGAAGTAA	NA	NA	NA	NA	NA	NA	Sterile swab	NA	NA	NA	NA	NA	NA	NA	NA
sterile.swab.4.control.control	CCACGCTAATGA	CTTGGTCATTTAGAGGAAGTAA	NA	NA	NA	NA	NA	NA	Sterile swab	NA	NA	NA	NA	NA	NA	NA	NA
sterile.swab.5.control.control	CAAGCATGCCTA	CTTGGTCATTTAGAGGAAGTAA	NA	NA	NA	NA	NA	NA	Sterile swab	NA	NA	NA	NA	NA	NA	NA	NA
sterile.swab.6.control.control	ATTCCAAGCCGA	CTTGGTCATTTAGAGGAAGTAA	NA	NA	NA	NA	NA	NA	Sterile swab	NA	NA	NA	NA	NA	NA	NA	NA
sterile.swab.7.control.control	CCACGAAGCTAT	CTTGGTCATTTAGAGGAAGTAA	NA	NA	NA	NA	NA	NA	Sterile swab	NA	NA	NA	NA	NA	NA	NA	NA
sterile.swab.8.control.control	AGCAATTCGACC	CTTGGTCATTTAGAGGAAGTAA	NA	NA	NA	NA	NA	NA	Sterile swab	NA	NA	NA	NA	NA	NA	NA	NA
